seller_id,total_revenue,avg_order_value,total_orders,total_product_sold
4869f7a5dfa277a7dca6462dcf3b52b2,229472.63,202.71,1132,1156
53243585a1d6dc2643021fd1853d8905,222776.05,622.28,358,410
4a3ca9315b744ce9f8e9374361493884,200472.92,111.00,1806,1987
fa1c13f2614d7b5c4749cbc52fecda94,194042.03,331.70,585,586
7c67e1448b00f6e969d365cea6b010ab,187923.89,191.37,982,1364
7e93a43ef30c4f03f38b393420bc753a,176431.87,525.09,336,340
da8622b14eb17ae2831f4ac5b9dab84a,160236.57,121.95,1314,1551
7a67c85e85bb2ce8582c35f2203ad736,141745.53,122.19,1160,1171
1025f0e2d44d7041d6cf58b6550e0bfa,138968.55,151.88,915,1428
955fee9216a65b617aa5c0531780ce60,135171.70,105.03,1287,1499
46dc3b2cc0980fb8ec44634e21d2718e,128111.19,245.89,521,542
6560211a19b47992c3666cc44a7e94c0,123304.83,66.51,1854,2033
620c87c171fb2a6dd6e8bb4dec959fc6,114774.50,155.10,740,798
7d13fca15225358621be4086e1eb0964,113628.97,201.11,565,578
5dceca129747e92ff8ef7a997dc4f8ca,112155.53,345.09,325,346
1f50f920176fa81dab994f9023523100,106939.21,76.17,1404,1931
cc419e0650a3c5ba77189a1882b7556a,104288.42,61.13,1706,1775
a1043bafd471dff536d0c462352beb48,101901.16,141.92,718,770
3d871de0142ce09b7081e2b9d1733cb1,94914.20,87.88,1080,1147
edb1ef5e36e0c8cd84eb3c9b003e486d,79284.55,477.62,166,175
ccc4bbb5f32a6ab2b7066a4130f114e3,74004.62,395.75,187,192
f7ba60f8c3f99e7ee4042fdef03b70c4,68395.00,312.31,219,230
fe2032dab1a61af8794248c8196565c9,65959.61,224.35,294,306
8581055ce74af1daba164fdbd55a40de,64925.30,167.77,387,435
cca3071e3e9bb7d12640c9fbe2301306,64009.89,89.90,712,830
04308b1ee57b6625f47df1d56f00eedf,60130.60,639.69,94,94
522620dcb18a6b31cd7bdf73665113a9,57168.49,328.55,174,180
17e34d8224d27a541263c4c64b11a56b,56363.24,221.03,255,268
7ddcbb64b5bc1ef36ca8c151f6ec77df,55578.57,166.40,334,343
de722cd6dad950a92b7d4f82673f8833,55426.10,163.50,339,379
37be5a7c751166fbc5f8ccba4119e043,55350.55,203.49,272,281
218d46b86c1881d022bce9c68a7d4b15,55093.28,141.99,388,427
25c5c91f63607446a97b143d2d535d31,54679.22,346.07,158,269
f5a590cf36251cf1162ea35bef76fe84,53201.78,454.72,117,122
ceaec5548eefc6e23e6607c5435102e7,52917.18,260.68,203,211
b2ba3715d723d245138f291a6fe42594,51676.88,153.34,337,363
966cb4760537b1404caedd472cc610a5,51286.05,683.81,75,75
e882b2a25a10b9c057cc49695f222c19,51057.54,895.75,57,58
2bf6a2c1e71bbd29a4ad64e6d3c3629f,50628.90,1687.63,30,31
f8db351d8c4c4c22c6835c19a46f01b0,50525.60,75.75,667,724
17f51e7198701186712e53a39c564617,48019.00,857.48,56,61
8160255418d5aaa7dbdc9f4c64ebda44,47017.69,122.12,385,431
77530e9772f57a62c906e1c21538ab82,46610.40,145.66,320,389
4e922959ae960d389249c378d1c939f5,46030.37,109.60,420,454
c826c40d7b19f62a09e2d7c5e7295ee2,45643.74,128.94,354,373
850f4f8af5ea87287ac68de36e29107f,45355.36,242.54,187,192
b33e7c55446eabf8fe1a42d037ac7d6d,44985.17,295.96,152,155
ba90964cff9b9e0e6f32b23b82465f7b,44212.50,1163.49,38,38
eeb6de78f79159600292e314a77cbd18,43739.84,526.99,83,84
4d6d651bd7684af3fffabd5f08d12e5a,43587.40,118.12,369,395
e9779976487b77c6d4ac45f75ec7afe9,43162.95,65.70,657,750
c3cfdc648177fdbbbb35635a37472c53,43048.18,154.85,278,307
b839e41795b7f3ad94cc2014a52f6796,42829.00,1297.85,33,36
2eb70248d66e0e3ef83659f71b244378,42628.61,211.03,202,212
d91fb3b7d041e83b64a00a3edfb37e4f,40889.74,76.43,535,536
17a053fcb14bd219540cbde0df490be0,40703.14,325.63,125,149
391fc6631aebcf3004804e51b40bcf1e,39951.95,75.95,526,613
834f3294fba9f932f56edc879193f925,39907.50,604.66,66,66
712e6ed8aa4aa1fa65dab41fed5737e4,39815.00,503.99,79,87
634964b17796e64304cadf1ad3050fb7,39465.10,147.26,268,326
7142540dd4c91e2237acb7e911c4eba2,37373.56,117.16,319,331
ea8482cd71df3c1969d7b9473ff13abc,37177.52,32.44,1146,1203
c3867b4666c7d76867627c2f7fb22e21,37153.40,151.65,245,259
7178f9f4dd81dcef02f62acdf8151e01,37070.40,182.61,203,216
c70c1b0d8ca86052f45a432a38b73958,36537.37,139.99,261,338
59417c56835dd8e2e72f91f809cd4092,36459.00,2025.50,18,18
06a2c3af7b3aee5d69171b0e14f0ee87,36408.95,92.88,392,405
7299e27ed73d2ad986de7f7c77d919fa,34725.43,102.74,338,361
e9bc59e7b60fc3063eb2290deda4cced,34343.06,159.00,216,269
dbc22125167c298ef99da25668e1011f,33776.78,83.19,406,429
9c0e69c7bf2619675bbadf47b43f655a,33702.78,214.67,157,206
76d5af76d0271110f9af36c92573f765,33461.60,255.43,131,159
1835b56ce799e6a4dc4eddc053f04066,33344.21,78.83,423,558
5c243662ce92d84573bfaff24c3e3700,32862.02,335.33,98,100
2528513dd95219a6013d4d05176e391a,32689.10,203.04,161,167
855668e0971d4dfd7bef1b6a4133b41b,32208.16,103.23,312,327
70eea00b476a314817cefde4aad4f89a,31994.65,296.25,108,114
7681ef142fd2c19048da7430856b5588,31941.81,541.39,59,77
e59aa562b9f8076dd550fcddf0e73491,31574.30,451.06,70,84
88460e8ebdecbfecb5f9601833981930,31546.55,127.20,248,302
0241d4d5d36f10f80c644447315af0bd,31397.70,131.92,238,246
87142160b41353c4e5fca2360caf6f92,31095.98,101.95,305,339
70a12e78e608ac31179aea7f8422044b,30858.53,97.96,315,328
53e4c6e0f4312d4d2107a8c9cddf45cd,30148.95,63.74,473,522
d23019c84ffae2d5ef2270367b8605fc,29205.10,748.85,39,39
900ba814c251a692506d7834c1218441,29099.69,330.68,88,88
1554a68530182680ad5c8b042c3ab563,29052.53,117.62,247,269
0b90b6df587eb83608a64ea8b390cf07,28592.32,174.34,164,210
7e1fb0a3ebfb01ffb3a7dae98bf3238d,27349.53,172.01,159,174
59b22a78efb79a4797979612b885db36,27184.50,217.48,125,133
d1c281d3ae149232351cd8c8cc885f0d,26942.60,125.31,215,240
b32be1695eb7ec5f10f72d9610a12527,26874.00,597.20,45,46
12b9676b00f60f3b700e83af21824c0e,26774.00,198.33,135,135
a3a38f4affed601eb87a97788c949667,26533.32,104.46,254,263
de23c3b98a88888289c6f5cc1209054a,26399.67,160.97,164,181
9f505651f4a6abe901a56cdc21508025,26361.82,66.40,397,430
16090f2ca825584b5a147ab24aa30c86,25716.44,63.97,402,410
a416b6a846a11724393025641d4edd5e,25670.72,158.46,162,181
b94cc9f10ddc85e4ba73a6f7974e7101,25346.10,649.90,39,39
c003204e1ab016dfa150abc119207b24,25108.09,127.45,197,202
001cca7ae9ae17fb1caed9dfb1094831,25080.03,125.40,200,239
1900267e848ceeba8fa32d80c1a5f5a8,24982.53,60.78,411,529
1c68394e931a64f90ea236c5ea590300,24832.75,174.88,142,171
b1b3948701c5c72445495bd161b83a4c,24699.19,1372.18,18,18
f62d7bb4a613ec758a03342d46b580b2,24665.00,770.78,32,32
dc4a0fc896dc34b0d5bfec8438291c80,24180.77,104.68,231,249
b37c4c02bda3161a7546a4e6d222d5b2,24075.00,6018.75,4,15
710e3548e02bc1d2831dfc4f1b5b14d4,23979.11,176.32,136,142
2b3e4a2a3ea8e01938cabda2a3e5cc79,23629.15,454.41,52,54
1a3df491d1c4f1589fc2b934ada68bf2,23302.70,139.54,167,178
40db9e9aa57f7bb151bcda6b0f9bdbb7,23168.00,1930.67,12,12
612170e34b97004b3ba37eae81836b4c,23065.02,215.56,107,110
897060da8b9a21f655304d50fd935913,23023.92,72.63,317,430
8444e55c1f13cd5c179851e5ca5ebd00,22873.21,231.04,99,109
7b0df942f46435babab05d49b744b2c4,22600.63,706.27,32,32
7ad32824caee82087b3e2e5f33b1bf32,22505.10,149.04,151,184
744dac408745240a2c2528fb1b6028f3,22490.60,284.69,79,84
06e5eefc71ec47ae763c5c6f8db7064f,22188.56,241.18,92,95
f45122a9ab94eb4f3f8953578bc0c560,22078.29,118.07,187,200
05ff92fedb5be47920fea08e501238b9,21992.78,372.76,59,62
ff69aa92bb6b1bf9b8b7a51c2ed9cf8b,21940.80,1097.04,20,20
8f2ce03f928b567e3d56181ae20ae952,21712.90,141.91,153,175
59fb871bf6f4522a87ba567b42dafecf,21708.57,172.29,126,128
d2374cbcbb3ca4ab1086534108cc3ab7,21223.92,40.50,524,631
48162d548f5b1b11b9d29d1e01f75a61,20510.14,301.62,68,91
729f06993dac8e860d4f02d7088ca48a,20485.08,213.39,96,115
00ee68308b45bc5e2660cd833c3f81cc,20260.00,150.07,135,172
bfd27a966d91cfaafdb25d076585f0da,19921.00,170.26,117,118
004c9cd9d87a3c30c522c48c4fc07416,19712.71,124.76,158,170
d650b663c3b5f6fb392b6326366efa9a,19242.90,320.72,60,60
821fb029fc6e495ca4f08a35d51e53a5,19187.42,685.27,28,29
f457c46070d02cadd8a68551231220dd,19093.00,95.94,199,234
2a5b78b41cd05baeac8df54c6606b92c,19025.36,388.27,49,60
dc317f341ab0e22f39acbd9dbf9b4a1f,18988.40,345.24,55,58
96493fab2fbb13a14d0c0e8772eef5c3,18969.00,301.10,63,64
44073f8b7e41514de3b7815dd0237f4f,18729.64,130.07,144,153
cd68562d3f44870c08922d380acae552,18569.70,148.56,125,132
0dd184061fb0eaa7ca37932c68ab91c5,18446.92,114.58,161,193
527801b552d0077ffd170872eb49683b,17942.80,199.36,90,92
a888faf2d1baececa6baf9c3d603ee1f,17765.80,329.00,54,55
9de4643a8dbde634fe55621059d92273,17560.34,243.89,72,81
8b321bb669392f5163d04c59e235e066,17535.69,18.60,943,1018
c72de06d72748d1a0dfb2125be43ba63,17522.00,834.38,21,22
165fc07beebdcb6190fba8a06db2a449,17481.40,349.63,50,64
0c8380b62e38e8a1e6adbeba7eb9688c,17348.79,95.32,182,220
1e8b33f18b4f7598d87f5cbee2282cc2,17309.06,140.72,123,140
94144541854e298c2d976cb893b81343,17286.28,254.21,68,76
54a1852d1b8f10312c55e906355666ee,17226.44,86.13,200,204
abe42c5d03695b4257b5c6cbf4e6784e,17159.00,343.18,50,50
41b39e28db005d9731d9d485a83b4c38,17112.55,87.76,195,231
4a3ccda38b2129705f3fb522db62ca31,17062.59,258.52,66,78
76d64c4aca3a7baf218bf93ef7fa768d,16911.80,264.25,64,69
c3acdfac4e3e97ff87529454fbc03642,16788.00,1399.00,12,12
86ccac0b835037332a596a33b6949ee1,16619.93,92.33,180,210
8ae520247981aa06bc94abddf5f46d34,16320.99,251.09,65,65
7aa4334be125fcdd2ba64b3180029f14,16234.81,74.81,217,240
ef0ace09169ac090589d85746e3e036f,16223.30,125.76,129,140
fa40cc5b934574b62717c68f3d678b6d,16055.87,52.30,307,340
1f1bb1f0859883505541bdd6606193e5,16040.84,594.11,27,29
0adac9fbd9a2b63cccaac4f8756c1ca8,15960.95,145.10,110,142
4b9750c8ad28220fe6702d4ecb7c898f,15915.30,73.01,218,222
2a84855fd20af891be03bc5924d2b453,15819.10,96.46,164,168
229c3efbfb0ea2058de4ccdfbc3d784a,15744.00,130.12,121,148
f9244d45189d3a3605499abddeade7d5,15731.43,749.12,21,21
d921b68bf747894be13a97ae52b0f386,15645.80,203.19,77,77
6061155addc1e54b4cfb51c1c2a32ad8,15633.40,558.34,28,33
c33847515fa6305ce6feb1e818569f13,15519.85,136.14,114,128
85d9eb9ddc5d00ca9336a2219c97bb13,15415.24,30.29,509,522
213b25e6f54661939f11710a6fddb871,15379.50,99.22,155,194
e5a38146df062edaf55c38afa99e42dc,15360.07,126.94,121,125
c847e075301870dd144a116762eaff9a,15348.70,365.45,42,43
ce248b21cb2adc36282ede306b7660e5,15230.06,234.31,65,66
79ebd9a61bac3eaf882805ed4ecfa12a,15092.79,110.98,136,143
75d34ebb1bd0bd7dde40dd507b8169c3,15048.28,242.71,62,72
e2a1ac9bf33e5549a2a4f834e70df2f8,14999.45,2999.89,5,5
01fdefa7697d26ad920e9e0346d4bd1b,14921.43,115.67,129,131
1b4c3a6f53068f0b6944d2d005c9fc89,14760.30,130.62,113,117
a5cba26a62b8b4d0145b68b841e62e7f,14737.84,272.92,54,55
87b740daf17b5d1be335a64164ec6842,14699.87,1130.76,13,13
4c2b230173bb36f9b240f2b8ac11786e,14592.27,55.91,261,346
080199a181c46c657dc5aa235411be3b,14504.20,183.60,79,83
8e6d7754bc7e0f22c96d255ebda59eba,14497.27,170.56,85,130
cf8ab1616079e2793aa29d524df01bb1,14391.00,1599.00,9,9
5cf13accae3222c70a9cac40818ae839,14383.20,96.53,149,156
a6bd7d1ccdac48c6b33b28596b7eb122,14368.61,898.04,16,16
66922902710d126a0e7d26b0e3805106,14362.30,95.11,151,156
aba1721a889e04decc910aa13b768ef4,14103.30,169.92,83,92
f08a5b9dd6767129688d001acafc21e5,14069.63,1279.06,11,18
3b15288545f8928d3e65a8f949a28291,14061.79,135.21,104,121
c6bda72e4dbf5c5866b13cb1810c6d03,14059.38,238.29,59,59
2e90cb1677d35cfe24eef47d441b7c87,13894.71,109.41,127,137
a673821011d0cec28146ea42f5ab767f,13863.69,107.47,129,146
d94a40fd42351c259927028d163af842,13823.80,136.87,101,110
05f51e13da97139648b8125c31e5f51b,13769.01,229.48,60,63
440dd6ab244315c632130ecfb63827b1,13696.90,145.71,94,95
b8bc237ba3788b23da09c0f1f3a3288c,13685.71,304.13,45,47
6039e27294dc75811c0d8a39069f52c0,13670.70,213.60,64,75
1f9ab4708f3056ede07124aad39a2554,13602.73,174.39,78,79
6d66611d7c44cc30ce351abc49a68421,13593.40,81.89,166,176
240b9776d844d37535668549a396af32,13592.08,377.56,36,36
610f72e407cdd7caaa2f8167b0163fd8,13585.16,849.07,16,17
289cdb325fb7e7f891c38608bf9e0962,13544.95,123.14,110,126
0b35c634521043bf4b47e21547b99ab5,13533.65,265.37,51,78
a3e9a2c700480d9bb01fba070ba80a0e,13440.80,103.39,130,144
d05ae8f7a5bd1d2a690a44cd079e4e27,13436.00,172.26,78,81
34d1ca11b242c0fee2c834ae8d788566,13422.24,335.56,40,41
1ca7077d890b907f89be8c954a02686a,13341.57,116.01,115,137
8cc6a0e5738e61a87b03c78b2ba9db4b,13312.40,554.68,24,26
669ae81880e08f269a64487cfb287169,13248.87,81.78,162,186
5d378b73ab7dd6f0418d743e5dcb0bd1,13243.00,1891.86,7,7
ad97a199236354e53fcd91a5a913e9a2,13205.90,776.82,17,18
c31eff8334d6b3047ed34bebd4d62c36,13191.50,108.13,122,123
e8b3a3a38279a82f0e5d006d5e5b7d2c,13154.70,151.20,87,92
6edacfd9f9074789dad6d62ba7950b9c,13147.10,63.21,208,219
99eaacc9e6046db1c82b163c5f84869f,13139.17,199.08,66,70
9e6229250fedbe05838fef417b74e7fb,13132.20,177.46,74,78
431af27f296bc6519d890aa5a05fdb11,13109.50,112.05,117,125
d50d79cb34e38265a8649c383dcffd48,13012.42,185.89,70,70
530ec6109d11eaaf87999465c6afee01,12983.81,133.85,97,104
6e386f64c84e482f0b9abf960797ee1b,12938.30,431.28,30,30
e24fc9fcd865784fb25705606fe3dfe7,12936.00,248.77,52,56
039e6ad9dae79614493083e241147386,12925.00,2585.00,5,5
c60b801f2d52c7f7f91de00870882a75,12913.50,314.96,41,41
cfb1a033743668a192316f3c6d1d2671,12803.64,87.10,147,184
ac3508719a1d8f5b7614b798f70af136,12775.84,124.04,103,104
ed4acab38528488b65a9a9c603ff024a,12759.45,398.73,32,40
7202e2ba20579a9bd1acb29e61fe71f6,12750.50,240.58,53,55
2b1a40c1daabc6ca280c4b815c101841,12732.60,553.59,23,35
c66dccfb3f109511246da627dd5a2498,12708.55,282.41,45,45
2e1c9f22be269ef4643f826c9e650a52,12687.68,75.97,167,173
00fc707aaaad2d31347cf883cd2dfe10,12684.90,123.15,103,135
b372ee768ed69e46ca8cdbd267aa7a38,12630.00,200.48,63,69
66e0557ecc2b4dbea057e93f215f68d8,12480.00,402.58,31,31
a7f13822ceb966b076af67121f87b063,12477.64,166.37,75,86
2138ccb85b11a4ec1e37afbd1c8eda1f,12357.03,31.20,396,429
056b4ada5bbc2c50cc7842547dda6b51,12333.39,189.74,65,66
d6b1ce66b035a475f00c017792ff9769,12277.40,133.45,92,108
48436dade18ac8b2bce089ec2a041202,12271.71,88.93,138,151
c510bc1718f0f2961eaa42a23330681a,12251.00,942.38,13,13
fbc14c0cf93505ef89f64665ffa4a7b5,12227.82,679.32,18,18
c8b0e2b0a7095e5d8219575d5e7e1181,12170.21,144.88,84,85
70c27847eca8195c983ed7e798c56743,12077.52,156.85,77,98
ff063b022a9a0aab91bad2c9088760b7,12076.50,128.47,94,96
e26901d5ab434ce92fd9b5c256820a4e,11990.90,59.36,202,221
701938c450705b8ae65fc923b70f35c7,11983.28,159.78,75,112
c4f7fee5b0db50e87766f5a4d1b1b758,11961.83,1495.23,8,9
128639473a139ac0f3e5f5ade55873a5,11908.85,22.34,533,560
d71d863e5ef30d94e440c11be17dcd8f,11900.90,410.38,29,36
8b8cfc8305aa441e4239358c9f6f2485,11892.00,792.80,15,15
7901646fdd36a55f564ffaf2dbccaaf7,11857.08,538.96,22,27
09f952a5f58d2285b0372551ae8f9b01,11821.50,236.43,50,56
adbc26658d6c7b4b6219f9d934598091,11806.40,134.16,88,92
0be8ff43f22e456b4e0371b2245e4d01,11805.50,73.33,161,180
72c5da29406b4234927b81855e7b64f6,11798.69,380.60,31,31
ce7d1888639e6fb06b2749cbfdac1ff7,11793.89,151.20,78,84
23d7c96d4a1160db1c726b248601b25a,11766.94,222.02,53,55
d1b65fc7debc3361ea86b5f14c68d2e2,11703.07,292.58,40,41
bba3293d6f5d5af2f415e004e8b93ae3,11702.10,688.36,17,17
25e6ffe976bd75618accfe16cefcbd0d,11691.61,108.26,108,117
c4d51195486dc781531876a7d00453d8,11468.98,674.65,17,17
80e6699fe29150b372a0c8a1ebf7dcc8,11441.56,116.75,98,100
b4f8921fcc4ff77b66bea6dda43dcd51,11395.05,633.06,18,20
cab85505710c7cb9b720bceb52b01cee,11389.10,55.29,206,209
1d8dbc4f32378d715c717c1c1fc57bae,11315.89,123.00,92,98
813348c996469b40f2e028d5429d3495,11205.83,62.60,179,202
6cd68b3ed6d59aaa9fece558ad360c0a,11188.57,75.09,149,157
5a8e7d5003a1f221f9e1d6e411de7c23,11171.90,80.37,139,181
ccb83a794700270fde70898fe9ff368b,11062.00,921.83,12,12
8d956fec2e4337affcb520f56fd8cbfd,11015.19,52.20,211,228
6973a06f484aacf400ece213dbf3d946,11011.05,115.91,95,115
95e03ca3d4146e4011985981aeb959b9,11009.96,62.91,175,193
7ea5bfa6c340f58f8e71fc1f0412b0d6,11002.89,112.27,98,104
54965bbe3e4f07ae045b90b0b8541f52,10961.30,140.53,78,86
82e0a475a88cc9595229d8029273f045,10930.02,260.24,42,80
dd2bdf855a9172734fbc3744021ae9b9,10816.70,100.15,108,113
0ea22c1cfbdc755f86b9b54b39c16043,10711.70,45.20,237,269
ce27a3cc3c8cc1ea79d11e561e9bebb6,10682.65,79.13,135,164
c9c7905cffc4ef9ff9f113554423e671,10657.18,83.91,127,139
bd23da7354813347129d751591d1a6e2,10544.30,118.48,89,90
f3b80352b986ab4d1057a4b724be19d0,10505.10,120.75,87,92
f262cbc1c910c83959f849465454ddd3,10482.83,54.60,192,207
c864036feaab8c1659f65ea4faebe1da,10454.20,180.24,58,58
b499c00f28f4b7069ff6550af8c1348a,10327.13,67.94,152,187
ea566164622c6b439516ab18062c42cd,10309.42,206.19,50,52
33a6f4b1e7cdc205511e76ba1b6e0186,10295.01,98.05,105,126
9d5a9018aee56acb367ba9c3f05d1d6a,10292.31,153.62,67,79
06532f10282704ef4c69168b914b77be,10220.50,1277.56,8,9
1c5e4e49b9079480255b49d50aac1aa9,10173.11,847.76,12,12
7b1222c3624aa89b9558b50a2594188c,10103.52,459.25,22,22
5058e8c1e82653974541e83690655b4a,10022.82,159.09,63,78
0df3984f9dfb3d49ac6366acbd3bbb85,10021.49,115.19,87,89
5343d0649eca2a983820bfe93fc4d17e,10000.64,140.85,71,111
054694fa03fe82cec4b7551487331d74,9983.10,475.39,21,22
9d4db00d65d7760644ac0c14edb5fd86,9979.70,101.83,98,100
961dff0a659b4561334372337dd897d9,9946.00,2486.50,4,4
5882820ef11c4c068eea0677a7a879b4,9925.50,708.96,14,14
4830e40640734fc1c52cd21127c341d4,9843.47,46.87,210,219
ef506c96320abeedfb894c34db06f478,9771.43,30.16,324,340
17ca9b9e9b9ef8fdb529001b49ebb50f,9754.83,84.09,116,129
7040e82f899a04d1b434b795a43b4617,9738.20,45.93,212,228
7b07b3c7487f0ea825fc6df75abd658b,9731.85,104.64,93,98
ca3bd7cd9f149df75950150d010fe4a2,9731.85,137.07,71,138
01cf7e3d21494c41fb86034f2e714fa1,9729.36,159.50,61,67
17306570e772e7718c92a562d33f5f1d,9669.80,333.44,29,32
e96498ed8daaa3e9c23f7a62da76591c,9619.09,282.91,34,34
31344c16881c08a8a72c6d2eb29918c1,9615.70,223.62,43,43
e7df4cd29ab5abab70fb0783ddb53987,9608.70,417.77,23,24
73a63f72308aa20a46f4b1632018f196,9606.80,331.27,29,41
b2ac621f0d0322434d04a12b078b9369,9575.50,319.18,30,30
1c129092bf23f28a5930387c980c0dfc,9553.62,47.53,201,220
36a968b544695394e4e9d7572688598f,9482.87,61.58,154,162
3db66a856d18a9cba7c9241fc5221c50,9478.30,100.83,94,97
270297ead4c65a6cd2593960d2af6b21,9422.40,523.47,18,20
81a1104df0f08b59c68aa5b03cfe398e,9420.88,129.05,73,73
066a6914e1ebf3ea95a216c73a986b91,9410.38,138.39,68,74
cb8bcce248bb1fb274ba762d8b971456,9402.20,138.27,68,69
a00824eb9093d40e589b940ec45c4eb0,9399.97,3133.32,3,3
5b8154610ebb21fb90eb587365e673df,9397.54,247.30,38,41
3c487ae8f8d7542beff5788e2e0aea83,9385.70,312.86,30,33
aaed1309374718fdd995ee4c58c9dfcd,9376.95,89.30,105,112
8b28d096634035667e8263d57ba3368c,9375.70,65.56,143,155
05feb94f19d094d4b0f9281f0b1d4c99,9353.00,1558.83,6,6
048c2757535328e0d7dac690ad3c0aae,9264.78,181.66,51,51
aafe36600ce604f205b86b5084d3d767,9251.40,71.72,129,131
624f4ece8da4aafb77699233d480f8ef,9205.00,173.68,53,55
dd7ddc04e1b6c2c614352b383efe2d36,9178.51,75.23,122,143
4e7c18b98d84e05cbae3ff0ff03846c2,9177.90,111.93,82,89
6c12e40690c335dbc2f68a4134d30dc1,9139.20,571.20,16,18
f80edd2c5aaa505cc4b0a3b219abf4b8,9108.20,76.54,119,128
8e8a7ce9f2f970dc00e2acf6f6e199f6,9101.00,140.02,65,66
0db783cfcd3b73998abc6e10e59a102f,9077.40,68.77,132,137
06df0c10d34e459d9672bc77388742eb,9070.00,348.85,26,30
fffd5413c0700ac820c7069d66d98c89,9062.30,151.04,60,61
9b013e03b2ab786505a1d3b5c0756754,9027.40,51.88,174,225
5f2684dab12e59f83bef73ae57724e45,9000.87,132.37,68,74
403aa86912527d730337ffcb0fb096ab,8959.89,814.54,11,11
f27e33c6d29b5138fa9967bcd445b6d5,8888.30,95.57,93,98
32b8764b4ef628b53608fc34011fcc13,8884.00,246.78,36,38
d03698c2efd04a549382afa6623e27fb,8865.47,492.53,18,21
2089a6d640999f9b9141ac719b2af596,8830.82,200.70,44,44
1da3aeb70d7989d1e6d9b0e887f97c23,8823.52,33.30,265,328
a49928bcdf77c55c6d6e05e09a9b4ca5,8816.70,89.97,98,106
562fc2f2c2863ab7e79a9e4388a58a14,8814.20,33.90,260,270
af4a0e4cfe1d9c26b6712b1be25a72e5,8757.98,417.05,21,26
18a349e75d307f4b4cc646a691ed4216,8711.53,72.00,121,148
6d803cb79cc31c41c4c789a75933b3c7,8711.40,150.20,58,66
6c7d50c24b3ccd2fd83b44d8bb34e073,8699.34,76.31,114,128
b1a81260566c1bac3114a6d124413f27,8684.69,170.29,51,54
9596c870880d900012f2e8e6e30d06d7,8606.25,391.19,22,24
db2956745b3a8e9f3785c99f34b5d25e,8599.00,182.96,47,48
259f7b5e6e482c230e5bfaa670b6bb8f,8526.04,61.78,138,165
93dc87703c046b603023e75222018b45,8517.35,243.35,35,36
cbd996ad3c1b7dc71fd0e5f5df9087e2,8411.04,50.98,165,196
b18dc380845b24038cfc48006478f099,8353.30,189.85,44,54
6c177e38df6d3f34182b1f1d427231bf,8341.89,151.67,55,56
7d456afc660226829370f3173d14520c,8338.25,148.90,56,91
fcb5ace8bcc92f75707dc0f01a27d269,8318.63,134.17,62,73
784ba75dd9d20200c4caed3d7a77141a,8295.13,395.01,21,24
3078096983cf766a32a06257648502d1,8285.42,140.43,59,64
26d8a1c7c75d513045798992ead43aa2,8244.12,229.00,36,38
b92e3c8f9738272ff7c59e111e108d7c,8231.09,132.76,62,70
4371b634e0efc0e22b09b52907d9d469,8194.00,80.33,102,112
397c4d0c005b6f41f90098ac724e28cb,8177.00,1635.40,5,5
67883baaae6134ee81b271a542613728,8167.90,429.89,19,19
86bb7c4b535e49a541baf3266b1c95b1,8162.40,510.15,16,16
fdb9095204a334cd8872252ffec6f2db,8156.00,177.30,46,61
52d76513f0c4d97f3b99570e2c94ee31,8153.10,429.11,19,28
33a17d60c64393351ebf1ef860f4e0f2,8152.48,189.59,43,47
4bfc7a4a1cf8d4d2121c27422d9e50b5,8124.40,312.48,26,40
8fb791022c1fc8909664f48ab7dc636d,8119.95,1623.99,5,5
972d0f9cf61b499a4812cf0bfa3ad3c4,8089.29,97.46,83,88
750303a20e9c56b2a6bc45cdce0b897d,8085.00,149.72,54,57
a2e874074c877c5a05abae80ad6e488f,8071.98,183.45,44,46
6bd69102ab48df500790a8cecfc285c2,8070.00,1614.00,5,5
5656537e588803a555b8eb41f07a944b,8065.93,46.36,174,188
7a241947449cc45dbfda4f9d0798d9d0,8027.63,129.48,62,72
54065e9aef7e9e9c2dc23b7594db021a,8003.00,571.64,14,14
b1fc4f64df5a0e8b6913ab38803c57a9,7994.74,74.72,107,121
903037660cf848a717166eb7a06d616e,7991.51,177.59,45,60
ebd2d60905fb58271facef5596b620d3,7941.72,94.54,84,88
bbf9ad41dca6603e614efcdad7aab8c4,7846.00,560.43,14,14
989becdce12ebc39863c2bceab6f3ca1,7840.88,435.60,18,18
725c32fa80c2faacc4fc88450d27314e,7838.88,88.08,89,93
8476243f92442881ddd5b578975cf115,7838.00,653.17,12,12
0432ead42b6c8a0bdf68154add917fdf,7792.10,91.67,85,90
d51e0a403fe2e689ece6c73359d96e12,7790.00,410.00,19,26
2dee2ce60de9709b1a24083217181a1f,7784.50,144.16,54,55
7008613ea464bad5cb9b83456e1e6a8f,7777.00,61.24,127,156
7bac63f6603d382cc8d0832eb6c100a8,7751.95,408.00,19,19
5b925e1d006e9476d738aa200751b73b,7748.50,122.99,63,63
6fd52c528dcb38be2eea044946b811f8,7743.02,115.57,67,84
e5a3438891c0bfdb9394643f95273d8e,7738.35,34.55,224,255
257e61d3251fb5efb9daadddbc2cf7ca,7729.00,644.08,12,12
b410bdd36d5db7a65dcd42b7ead933b8,7726.90,175.61,44,44
42bde9fef835393bb8a8849cb6b7f245,7703.00,220.09,35,40
3bb548e3cb7f70f28e3f11ee9dce0e59,7690.02,167.17,46,53
058fd0aa2bfdb2274e05e1ae971dabb6,7667.90,125.70,61,64
08633c14ef2db992c11f840f04fad4cd,7644.30,103.30,74,97
4e17c65a516f69d023a2ae78b84f28d6,7639.26,125.23,61,74
52f976b17ea7f2f087f56dcc419328f6,7630.00,1271.67,6,6
640e21a7d01df7614a3b4923e990d40c,7598.88,65.51,116,137
4aba391bc3b88717ce08eb11e44937b2,7595.87,261.93,29,30
6a51fc556dab5f766ced6fbc860bc613,7577.67,291.45,26,33
8a432f4e5b471f8da497d7dc517666e2,7555.00,79.53,95,106
062ce95fa2ad4dfaedfc79260130565f,7521.00,136.75,55,60
0bae85eb84b9fb3bd773911e89288d54,7482.21,54.61,137,146
c26a2be5b53b7db6b276280da212a779,7482.00,575.54,13,18
87e24fc7052259b1f7f607d61c10d8be,7473.49,934.19,8,8
bd0389da23d89b726abf911cccc54596,7472.16,85.89,87,90
a420f60ff1aa9acc80d0e42959f2b313,7443.30,111.09,67,69
8648b1e89e9b349e32d3741b30ec737e,7442.55,78.34,95,103
512d298ac2a96d1931b6bd30aa21f61d,7401.94,672.90,11,12
e0a366315b1b726b6c7832d664c0f530,7400.09,172.10,43,51
f25e239052084705e17a982bc600ab2a,7380.00,922.50,8,8
381c83fdca332ea6afd896da20bf6e4a,7355.80,159.91,46,46
b347677812ea483b0f528eaf8cbc09b7,7288.99,347.09,21,21
febab0275244b9a49a623f0bd613ca2f,7272.42,66.72,109,129
aced59e9b31ef866a94f9e7f29d8d418,7268.50,119.16,61,67
e333046ce6517bd8bb510291d44f0130,7268.00,106.88,68,74
0873d9f8f36123f8d910f4760e788cfb,7265.59,1210.93,6,6
cee48807215b30a12ca2ca10ffb5f250,7212.23,184.93,39,40
d624126b9206f595fb3fbb6ba03b28a8,7198.80,312.99,23,28
ade45994b717ccee333492330fbf037b,7196.00,719.60,10,10
dbb9b48c841a0e39e21f98e1a6b2ec3e,7186.85,66.54,108,118
d13e50eaa47b4cbe9eb81465865d8cfc,7155.05,106.79,67,69
a4b6b9b992b46e9ef863637af96e04bc,7147.00,1021.00,7,14
cc63f0dd2acba93ffed4fe9f8e0321fa,7096.71,129.03,55,63
7722b1df1b0e383e000397b2c11e3e19,7094.09,52.94,134,145
014c0679dd340a0e338872e7ec85666a,7058.00,504.14,14,15
f1fd5ab1181f827ffad998c1a5de7d74,7045.99,469.73,15,15
dd55f1bb788714a40e7954c3be6df745,7041.76,201.19,35,37
679769a98cfcc6da877c8486ff1c13f3,7029.00,334.71,21,21
ff4ea69c2a729e83e63c7579e4ef8170,7017.00,779.67,9,9
6fa9202c10491e472dffd59a3e82b2a3,7014.24,2338.08,3,3
b8630e1121437d41cb08e3c749c2c2e2,6988.00,582.33,12,12
d98eec89afa3380e14463da2aabaea72,6968.53,41.48,168,183
bacb1f0ed56ad24198f5810d2b3fe9a5,6940.45,165.25,42,42
1da366cade6d8276e7d8beea7af5d4bf,6917.59,160.87,43,49
30829ded4523ab9224b93bc49a62c95f,6911.71,383.98,18,31
d9bd94811c3338dceb4181f3dbc0c73e,6911.02,127.98,54,61
ad781527c93d00d89a11eecd9dcad7c1,6899.57,156.81,44,44
e3b4998c7a498169dc7bce44e6bb6277,6897.90,2299.30,3,3
1127b7f2594683f2510f1c2c834a486b,6851.33,60.10,114,132
b3b17aab11f273023a5f22ca52e1eb70,6850.00,978.57,7,13
58f1a6197ed863543e0136bdedb3fce2,6833.00,155.30,44,45
8e6cc767478edae941d9bd9eb778d77a,6830.58,64.44,106,114
5b67882648febfb6e1225e6ad7164f6b,6813.48,252.35,27,30
ececbfcff9804a2d6b40f589df8eef2b,6792.40,69.31,98,104
33dd941c27854f7625b968cc6195a552,6787.50,1357.50,5,5
40d54b51e962dbe09cabbcfd33298dee,6785.56,226.19,30,31
63b464dbf392c7b80d12d932fa7cafed,6781.00,183.27,37,39
a63bfbaa882c8f4542891b4e2246cc7f,6772.00,967.43,7,7
ff1fb4c404b2efe68b03350a8dc24122,6771.00,147.20,46,49
aac29b1b99776be73c3049939652091d,6755.91,68.94,98,138
54219883e72aad869adfb2a54b7bfa0f,6750.00,1350.00,5,5
3340ef1913fb70d28420f6ceb685c339,6731.15,210.35,32,42
455c5640e8c5bd1b2ee85c0158f85727,6729.50,841.19,8,8
80ceebb4ee9b31afb6c6a916a574a1e2,6729.00,6729.00,1,1
abe021b01ba992245271b9aa422032df,6720.00,3360.00,2,2
31ae0774c17fabd06ff707cc5bde005f,6719.85,610.90,11,11
e5e33c0d8e7e002f398f5dc4cbbb338f,6698.70,239.24,28,29
83e197e95a1bbabc8c75e883ed016c47,6693.69,142.42,47,55
fa1a9dec3a9940c072684a46728bf1fc,6674.00,121.35,55,60
33c51922b6e3c16b24a8f28e5833c99d,6657.87,369.88,18,20
b4ffb71f0cb1b1c3d63fad021ecf93e1,6656.09,46.22,144,165
751bdc4d83a466c7206cd42e8f426b03,6648.93,123.13,54,71
516e7738bd8f735ac19a010ee5450d8d,6643.09,87.41,76,84
5670f4db5b62c43d542e1b2d56b0cf7c,6630.09,301.37,22,22
5d0363b33554b373851fc1622e4d5f3c,6610.79,70.33,94,95
609e1a9a6c2539919b8205cf7c4e6ff0,6595.23,75.81,87,130
92eb0f42c21942b6552362b9b114707d,6548.63,19.20,341,365
11305281b50fff20ae8bb473f8e11876,6528.70,186.53,35,40
282f23a9769b2690c5dda22e316f9941,6505.08,65.71,99,110
ee27a8f15b1dded4d213a468ba4eb391,6499.00,6499.00,1,1
4c03b9dd4c11ee2cb35c96c49efc9420,6458.60,134.55,48,48
34056b8b55c1775a22af2331670a799c,6455.40,82.76,78,78
6f892e20a171e98efe17fdb971ff319b,6438.70,146.33,44,53
8a32e327fe2c1b3511609d81aaf9f042,6429.01,48.70,132,180
7dc8c42cc750eeafea6c85712ffee9bf,6409.68,156.33,41,50
376a891762bbdecbc02b4b6adec3fdda,6406.23,112.39,57,58
dbdd0ec73a4817971d962698f2fea022,6384.00,399.00,16,16
4b5f66b7adcf57f1ecc0d3c07dd6b177,6381.78,277.47,23,38
02f623a8eb246f3c5f7c2f96462654e6,6378.00,144.95,44,44
57e632711dec9ec14ca7546769483e7e,6350.06,102.42,62,65
670c26e0f1bf8d0576271d5cfaec6d2b,6341.60,81.30,78,87
f4c4daa86e30c7e5a553a8d518ac03a5,6301.91,315.10,20,20
dee656f0f566ed1aa85bd137c943f08f,6271.98,67.44,93,95
bd4889b5e9133b35b66e42a8665cea5c,6271.90,174.22,36,42
6b243f80ed07b10f0e8aa0f21a205f3c,6260.10,79.24,79,89
2fdde51ad3e12f297da656d4fbd5d0b5,6252.00,625.20,10,10
ea67327e24487bdfac5fbfa37ea124df,6250.18,195.32,32,34
2528744c5ef5d955adc318720a94d2e7,6245.00,1249.00,5,5
f12ff17ad8bbf01ec5c33b17e506649b,6241.00,215.21,29,29
eb3071b9f0b0ddaa2df5ea130f09f26b,6230.00,692.22,9,11
b19f3ca2ea475913750f25a5c37c8d8f,6202.91,258.45,24,24
cfa5ab0e4d3fc212fd0b3410e7081c62,6180.80,386.30,16,21
9baf5cb77970f539089d09a38bcec5c3,6129.67,191.55,32,33
dfc5fb7259bb2b599ca565e6e9448f0f,6124.63,185.59,33,34
ba143b05f0110f0dc71ad71b4466ce92,6110.58,71.89,85,86
2c9e548be18521d1c43cde1c582c6de8,6109.44,48.49,126,174
d6b664fa0667064c6d76394e7848d790,6080.00,1013.33,6,6
6a8b085f816a1f75f92dbac6eb545f8f,6018.97,47.39,127,135
bba74270a87732727b5a3b4fd9ac1c39,6001.59,166.71,36,41
37515688008a7a40ac93e3b2e4ab203f,5986.60,26.26,228,240
688756f717c462a206ad854c5027a64a,5966.54,71.89,83,101
f84a00e60c73a49e7e851c9bdca3a5bb,5949.94,66.11,90,99
91f848e9f4be368f4318775aac733370,5932.60,94.17,63,73
b14db04aa7881970e83ffa9426897925,5898.60,71.07,83,111
0691148aee60ca47977c187804f935ae,5868.51,124.86,47,53
f46490624488d3ff7ce78613913a7711,5802.85,69.91,83,91
02d35243ea2e497335cd0f076b45675d,5794.00,413.86,14,16
e8b4225284fbb02d16f200513f1f395d,5788.52,186.73,31,31
0bf0150d5b9d60d9cd2906003332f085,5774.60,148.07,39,62
05d2173d43ea568aa0540eba70d2ca76,5759.66,92.90,62,66
3ade81dab5a172b88e1871c28ae05260,5751.60,191.72,30,32
b4a476fbd28de64b1e347abf9089366a,5724.04,173.46,33,38
080102cd0a76b09e0dcf55fcacc60e05,5716.78,46.10,124,130
9616352088dcf83a7c06637f4ebf1c80,5703.00,61.99,92,98
94e93ce877be27a515118dbfd2c2be41,5674.57,189.15,30,35
e2aee0892199b1d92530e371abd825bf,5662.57,149.02,38,41
52ac6f920b7280e4c6d30dd94de6259b,5657.30,942.88,6,7
8c16d1f32a54d92897cc437244442e1b,5642.60,52.25,108,118
67bf6941ba2f1fa1d02c375766bc3e53,5610.00,350.63,16,22
d63c73efd41eb002280e7ec831424edb,5598.00,2799.00,2,2
45ba18c210d42734ec52c0c1c574e9ee,5589.13,147.08,38,41
817245bcc3badd82bbd222e0366951a6,5580.50,192.43,29,45
f181738b150df1f37cb0bd72e705b193,5529.70,153.60,36,37
04aa0a1c5ce6b222003403a3e11c3cc0,5518.00,501.64,11,17
916c9de0b5ad957346eeeb12f332687e,5480.25,238.27,23,28
cc3d14116804f7209f3884f6367f1152,5477.80,202.88,27,30
4917cee8d902e13428c3ec4b1ca6f315,5421.90,164.30,33,33
575df70bde3f9f2b30bf8d2e9910d725,5410.05,200.37,27,34
3f0e48d209018b466fcd3bb4ccfeb520,5399.00,599.89,9,10
c4af86330efa7a2620772227d2d670c9,5396.00,1349.00,4,4
23c38debaffe4a25a30fdbd9b586a13f,5382.18,131.27,41,46
3be634553519fb6536a03e1358e9fdc7,5370.95,64.71,83,99
b6d44737c043328708f6749c2dbe50bd,5369.60,86.61,62,80
83deb69e889cf80f82be1dc6d5f2d486,5363.01,134.08,40,42
2a261b5b644fa05f4f2700eb93544f2c,5355.00,105.00,51,82
e62b2d6ac10570a035a30bafcf01d263,5340.39,86.14,62,71
0cbcee27c791afa0cdcb08587a2013a8,5324.15,136.52,39,41
c35affa65afd250151285c5917fc1c8a,5279.91,586.66,9,9
e06f09ec0a4aca210779cf1cfc63cf19,5279.49,182.05,29,31
02ecc2a19303f05e59ce133fd923fff7,5264.19,250.68,21,24
e9c6969d40e6a3d2d0f90013165c2b98,5239.98,524.00,10,10
5bffbafbb22daf6d3bfc216a46db8708,5239.70,249.51,21,23
4d0041cdbe51b4617d95c70b19decc74,5235.20,654.40,8,8
099095b050cfe8eb1ddff5317587e96e,5193.83,305.52,17,20
b39d7fe263ef469605dbb32608aee0af,5193.10,118.03,44,49
f67efa3f0b6761102a7f8c6b7b571f5d,5188.68,167.38,31,32
f680f85bee2d253556ac91be391d2c82,5183.92,115.20,45,54
5b179e9e8cc7ab6fd113a46ca584da81,5173.50,152.16,34,36
822bad9bc42b51213ba522fe87b7ab5d,5160.00,286.67,18,18
709e16e2b25c7474d980076c6bfc4806,5151.90,85.87,60,80
d566c37fa119d5e66c4e9052e83ee4ea,5145.70,79.16,65,73
afe0067131b73e40875c9b6c10bd2e21,5130.40,111.53,46,46
835f0f7810c76831d6c7d24c7a646d4d,5130.00,116.59,44,50
fad44952713764836814be105382aee5,5129.00,160.28,32,32
f84fa566034f5e8e880a07ec624c56af,5093.79,55.98,91,102
f7496d659ca9fdaf323c0aae84176632,5087.57,195.68,26,27
9674754b5a0cb32b638cec001178f799,5069.92,58.95,86,97
e0878efa0e0b7e5313ac0b43bc04c081,5065.30,187.60,27,29
e067ad2c1c0b48758eb1b5228bcf7a68,5042.55,93.38,54,61
3df020b72d3d44b3af9d110fa3940b65,5039.90,91.63,55,101
3ab971ce71839580d2ae5b4e40fe8044,5002.90,138.97,36,38
1bb2bdb95f4841f1bba2c0d2cd83d3c9,5002.71,61.76,81,85
4bf2f4ee540798a61f9636d12cd9cc80,4995.56,172.26,29,30
45213867cefbf2cd4c6177e10216a951,4955.42,353.96,14,14
dbd66278cbfe1aa1000f90a217ca4695,4928.90,57.99,85,99
e9d99831abad74458942f21e16f33f92,4922.48,37.87,130,149
9df5750209b83567ec144eb299d7d634,4917.00,447.00,11,11
503c1de08ae81a2d86f17951b204db55,4906.99,223.05,22,22
822b63912576852aea9a8436d72317b7,4905.69,613.21,8,9
d66c305afaec317ebee552073a674429,4886.46,119.18,41,47
abcd2cb37d46c2c8fb1bf071c859fc5b,4880.22,108.45,45,52
f789d2c4f2c2eb38fc4373e7a4b35264,4864.24,110.55,44,49
0d85bbda9889ce1f7e63778d24f346eb,4845.20,95.00,51,58
45d33f715e24d15a6ccf5c17b3a23e3c,4838.23,82.00,59,61
1336efc61c316ddf92c899eb817f7cae,4837.31,65.37,74,85
9add47bf45ce8e8c7db6b9cf670b1e09,4829.24,112.31,43,45
4c498c7345e89aebad651544829beca0,4819.76,100.41,48,48
ce69a8021d18961dd2a40269b7c2c293,4818.00,253.58,19,19
8f580d36c1e9d6fbce95283403c7d447,4813.25,601.66,8,8
c12b92bf1c350f3e6bf88d3596219c86,4808.78,282.87,17,17
f6122bc84774df1b372bdb3bb88ddb9f,4799.87,1599.96,3,3
2a7dc43cecabf23403078e2188437d1d,4795.91,92.23,52,54
fcdd820084f17e9982427971e4e9d47f,4783.99,299.00,16,27
dfa0c4c6229ab200a4a1336b4d7128ff,4777.10,62.04,77,86
7e3f87d16fb353f408d467e74fbd8014,4754.99,51.68,92,94
b2479f944e1b90cf8a5de1bbfde284d6,4752.51,46.14,103,131
acce39e832338debb07b02385cde5967,4748.10,107.91,44,44
0176f73cc1195f367f7b32db1e5b3aa8,4733.10,124.56,38,39
30a2f535bb48308f991d0b9ad4a8c4bb,4731.30,66.64,71,87
0307f7565ff85b299b6e5ef162b1b1a9,4728.80,675.54,7,7
06579cb253ecd5a3a12a9e6eb6bf8f47,4727.20,76.25,62,72
ad420dd0c4f92f8af951ac24b86d0cf5,4705.29,112.03,42,46
582d4f8675b945722eda7c0cb61ba4c7,4702.96,79.71,59,71
c004e5ea15737026cecaee0447e00b75,4700.00,2350.00,2,2
c9a06ece156bb057372c68718ec8909b,4688.90,334.92,14,14
537eb890efff034a88679788b647c564,4679.70,29.25,160,173
968268a686aa05d1f529fb07dff08130,4677.29,389.77,12,12
8931a84a914b3fe9b1ddaa4d704947ca,4668.30,160.98,29,32
1a932caad4f9d804097d7f8e615baed1,4661.00,233.05,20,30
ef990a83bbea832f36ebe81376335aa8,4642.59,107.97,43,44
a3dd39f583bc80bd8c5901c95878921e,4607.81,135.52,34,37
31da954dc0855f2495c6310f70a2f931,4583.00,158.03,29,30
2addf05f476d0637864454e93ba673d5,4552.00,379.33,12,12
c68fb906c8f4b4b946d8386bfa6e5467,4541.16,100.91,45,48
834f8533b2ecb6598dd004ff3de7203a,4538.29,105.54,43,47
1fe5540d7c1c37a595fefbacd5570d9e,4537.60,226.88,20,25
37dd29b36c458d82f74a953c40c43645,4536.99,648.14,7,8
13fa2a6c6b9d0f43cb588d7c82117a12,4528.00,503.11,9,10
c840d3fdbba0790404fdae73d253b253,4522.28,502.48,9,14
180c3376aff0e43dd5788709df48a843,4513.00,902.60,5,10
6288c69c4ce638e59925e59193f98b16,4506.28,204.83,22,22
b561927807645834b59ef0d16ba55a24,4501.99,52.96,85,95
fc906263ca5083d09dce42fe02247800,4497.70,39.45,114,119
55d3daac7c404d59e51c2aa2f4dc5a23,4480.60,213.36,21,28
2ff97219cb8622eaf3cd89b7d9c09824,4476.90,50.30,89,96
e81e1f9c3e762e620f3fb60a51499e16,4465.99,262.71,17,18
4d600e08ecbe08258c79e536c5a42fee,4465.34,558.17,8,8
bbad7e518d7af88a0897397ffdca1979,4462.22,64.67,69,85
8bd0f31cf0a614c658f6763bd02dea69,4455.34,135.01,33,35
b90e891671cffd9557f33a97dc523645,4449.00,130.85,34,39
2e3be8a987a30d7544dbbda6861cc14e,4430.84,246.16,18,19
d379f449f2a3b271bc01c0782020f705,4423.06,157.97,28,29
0ef83d7d83ed97cd2a0049ac8be5f88a,4421.01,92.10,48,55
f021c962aaba8ef6eb527a9c2c8394d1,4398.50,879.70,5,5
beadbee30901a7f61d031b6b686095ad,4373.98,68.34,64,68
15aac934c58d886785ac1b17953ea898,4353.90,174.16,25,26
eed78ac17f7f795a19a709745f00cd4e,4349.50,197.70,22,56
a3f0b55de503387383c7b1de3ad7f678,4348.40,181.18,24,26
c500367424994318b9e779ff1ae9a330,4346.40,482.93,9,9
65febd49fd28ec955651299159b1f527,4319.70,123.42,35,40
23613d49c3ac2bd302259e55c06c050c,4293.00,61.33,70,80
9803a40e82e45418ab7fb84091af5231,4278.75,388.98,11,18
282c7480173bb9c01dd41cc739fec010,4274.20,854.84,5,8
cc5a78bbad32776dc4e3af205218368c,4269.18,129.37,33,38
1fdc574883ef3b33ad41562d93f3a74a,4251.00,236.17,18,18
43f8c9950d11ecd03a0304a49e010da6,4249.59,103.65,41,41
9b1585752613ec342d03bbab9997ec48,4248.98,1416.33,3,3
6ec1a01e866584bb679eb9b098345919,4248.91,137.06,31,32
3c03b12bab54d8b37d79d914bfdb1aa0,4236.34,114.50,37,43
98dac6635aee4995d501a3972e047414,4235.85,46.55,91,195
8b9d6eec4a7eb7d0f9d579ce0b38324d,4232.54,86.38,49,53
8a130737016f838139d31878787a39c9,4222.03,75.39,56,62
6b3bd31ad8fcda4b2635ec9f3ff2ecdf,4198.90,116.64,36,43
8bb48dc19fccaa8613b6229bf7f452a2,4190.72,51.11,82,95
891071be6ba827b591264c90c2ae8a63,4177.28,45.41,92,98
cac4c8e7b1ca6252d8f20b2fc1a2e4af,4168.18,55.58,75,83
5c030029b5916fed0986310385ec9009,4164.40,594.91,7,10
bccf933e006e9b94a6184af782963e77,4162.74,92.51,45,46
f76a3b1349b6df1ee875d1f3fa4340f0,4160.79,173.37,24,24
cd6efc47efaabf134f8bdb654e10b4f1,4158.55,134.15,31,32
6fc26fe110feebd80a433e1f012a84f9,4150.87,118.60,35,72
d20b021d3efdf267a402c402a48ea64b,4140.17,46.00,90,106
681fce914360217db47784ae28905a96,4127.33,179.45,23,24
42b729f859728f5079499127a9c2ef37,4118.86,39.60,104,132
e883aa812c37a7413226856f4579fe91,4097.10,157.58,26,29
2a167ca73899c85001a837d8fb4962f6,4097.00,2048.50,2,3
382229d1e840115ffe3dbf5ff460e417,4096.96,89.06,46,49
951e8cef368f09bb3f3d03c00ca4702c,4092.29,63.94,64,71
99002261c568a84cce14d43fcffb43ea,4088.00,113.56,36,36
b17b679f4f5ce2e03ce6968c62648246,4084.75,74.27,55,57
2199e7fe213c16213bf5d6a7eadc9a5d,4078.29,163.13,25,31
ec8879960bd2221d5c32f8e12f7da711,4062.40,112.84,36,36
d5ba419e26d246a0719437cf37d9b46d,4061.40,119.45,34,35
f35b3c613c4f7b2275f4185d0a3c59ec,4047.25,449.69,9,9
a0415d9b25ede3c4b1e477e9916ffc03,4044.10,404.41,10,10
715bbd5ba4e6b74cb0d2f29eb45058b0,4043.30,65.21,62,64
3c7c4a49ec3c6550809089c6a2ca9370,4033.64,28.61,141,160
e70053bf73d1b5863932e53a9fa47496,4025.00,575.00,7,7
55a5b51f93f2b70ea513f5a047b0262a,4002.30,102.62,39,41
cb41bfbcbda0aea354a834ab222f9a59,4002.00,333.50,12,12
6b333a05bf188ef3e1f1662a86bd9855,3990.91,332.58,12,13
1b938a7ec6ac5061a66a3766e0e75f90,3987.60,132.92,30,33
bede56095ba33c42038fb85f707b8a42,3973.90,1986.95,2,2
50c9975695009e5e6473912e83a6d1da,3964.40,79.29,50,68
bf3c6d2a28b2b5501e6c15448982dcc9,3956.50,113.04,35,43
3f995f07c49d0d55a99d5c54957f7d81,3955.70,91.99,43,43
81f89e42267213cb94da7ddc301651da,3955.00,85.98,46,52
d12c926d74ceff0a90a21184466ce161,3944.18,50.57,78,99
11bfa66332777660bd0640ee84d47006,3925.87,51.66,76,102
fde0cc9ea29c8ccfc0a2c22256a58c71,3922.00,112.06,35,35
232a6014e7b10cba61c6c2b2ea6bb4b0,3919.87,118.78,33,36
7f152321c60a266edc53af1925ef96c1,3919.80,195.99,20,20
d673a59aac7a70d8b01e6902bf090a11,3908.94,49.48,79,84
79ed755314cfe6df0daef2c6cd3022cd,3907.50,169.89,23,25
3361277dc30b7cccdb0c286b24219756,3905.05,134.66,29,42
f00e21b1e91a79653163b7fd8f293ff1,3900.09,125.81,31,31
271c58a1d139c45eaf3316107c6d3a3b,3897.52,134.40,29,29
6a0cbc8af2e8abd1bdfb777943d174c6,3894.05,111.26,35,35
14d7985702e72162bbf13b6beb74ab2b,3887.00,105.05,37,38
02f5837340d7eb4f653d676c7256523a,3883.05,129.44,30,30
8090490573c6c0aa343a7231ebcb8c86,3871.12,148.89,26,26
42fa4ee7240e9b8eb4576358ec142ba7,3845.70,174.80,22,22
7d76b645482be4a332374e8223836592,3843.93,21.84,176,187
8ed8ea9a57c862f2c18c2fe41f601d56,3831.90,201.68,19,19
13d058e4eeac2ce8217660b2f8a05812,3829.77,166.51,23,23
3f3486b61f45078d4f31ee5e43d8c5bb,3829.73,95.74,40,40
6860153b69cc696d5dcfe1cdaaafcf62,3827.63,51.72,74,84
f0b47fbbc6dee9aafe415a6e33051b3f,3795.91,55.82,68,86
2e13c71026e1a39ba5cc1b86dcb679aa,3793.00,158.04,24,28
38874e327ce94d11390b96eb42d61928,3779.94,629.99,6,6
5d9dc90a686a8fddacffab6bab5653a3,3761.94,313.50,12,12
edf96ef93ed595084bbcbd9224bd2894,3757.00,150.28,25,28
2d2c62bef4c8ba0dd74e0e228e808539,3749.00,234.31,16,16
1d0997ff06b524ce9289ffd75114ecd3,3747.00,1249.00,3,3
3c4e0452bff7a2a788179488d3d77032,3746.40,117.08,32,36
eb4df17aed01d918c65f0f8d650900c0,3739.87,339.99,11,11
602044f2c16190c2c6e45eb35c2e21cb,3739.16,74.78,50,57
0509040ea3fe50071181bbc359eb7738,3737.95,42.00,89,98
77e4abfd739aed9c46480f90f81c0eb4,3736.99,207.61,18,18
8f119a0aee85c0c8fc534629734e94fd,3733.68,48.49,77,83
66dc1b1632bd6a3e508510c5b3492107,3721.39,100.58,37,42
23a0ffca143a15b9b5bbdb7d552f626a,3718.51,161.67,23,24
822166ed1e47908f7cfb49946d03c726,3714.83,53.84,69,108
ec80e49e69745ab6c14f984bf2149423,3709.00,309.08,12,12
99a54764c341d5dc80b4a8fac4eba3fb,3708.76,82.42,45,67
a44fb5a447105f8469bdf16bf9159f25,3706.10,195.06,19,19
f3da5b2ff499efb8d4a6d371d175d7dd,3702.29,46.86,79,84
520b493b57809f446cb0a233bb3e25c7,3698.90,58.71,63,73
c0563dd588b775f2e37747ef6ad6c92c,3697.20,132.04,28,28
4559697a8f7e637227c2eeaed843baff,3696.00,88.00,42,42
38e679b9e0064cd94c6f035707344dae,3694.51,131.95,28,30
5f5b43b2bffa8656e4bc6efeb13cc649,3677.20,136.19,27,29
b1fecf4da1fa2689bccffa0121953643,3669.64,193.14,19,20
2745f798279e0ed033addcc1474776d7,3668.53,114.64,32,32
c731d18cea9bf687ffee82a241c25b11,3662.00,152.58,24,26
df560393f3a51e74553ab94004ba5c87,3661.18,130.76,28,29
33ac3e28642ab8bda860a2f693000e78,3661.03,107.68,34,35
8b2492b7ff4468839593fafeed55bad9,3660.08,126.21,29,45
56642bcb79900e777d68e91915cb4267,3657.64,76.20,48,56
7f2617c58d5d06806987308b45654351,3656.80,166.22,22,23
5d3bb11474a06bdc23fb9e89f1164ee0,3654.60,117.89,31,32
e49c26c3edfa46d227d5121a6b6e4d37,3654.25,104.41,35,36
f97e2b0650c2068227e1d366140eb62f,3654.00,228.38,16,21
6bb0724edf0b62fb91ac404873a97241,3653.00,214.88,17,18
406822777a0b9eb5c50e442dd4cd3ec5,3648.08,81.07,45,47
ed4311e67debd72b8610a5347a743087,3636.00,145.44,25,26
1eade46fba20122dc4aefb379f8c636b,3635.37,62.68,58,75
96804ea39d96eb908e7c3afdb671bb9e,3610.70,95.02,38,40
21e83881401b92b49fb09a16d3852291,3588.05,256.29,14,15
3364a91ec4d56c98e44174de954b94f6,3579.94,596.66,6,6
3c010235b7345c92f125d14ee232a76b,3578.00,238.53,15,15
3d8fa2f5b647373c8620330c4e077a9f,3571.73,83.06,43,48
f2336e113377dd21c744d9c4fc8293a9,3563.00,890.75,4,4
218f991754f360af9c2daa5e0b8e990c,3554.32,253.88,14,17
585175ec331ea177fa47199e39a6170a,3549.00,3549.00,1,1
71039d19d4303bf9054d69e9a9236699,3537.20,101.06,35,38
276677b5d08786d5dce7c2149dcce48b,3522.00,106.73,33,47
6750d71153f00fc58829af2a8ef1bcf1,3514.00,585.67,6,6
e7d5b006eb624f13074497221eb37807,3478.93,124.25,28,63
244b04680fdbded0acf5aebd9c92b44a,3477.70,1159.23,3,3
8ff38bc3969e67c36c48343a07090f66,3472.00,1736.00,2,8
ed46f1eb4a638113deb2a1137b5f22e9,3470.00,867.50,4,4
bce6a5ecf98e99fd2a8868b15c51f04b,3464.90,247.49,14,15
f0837c8d71434931d9e38e7b79234797,3446.90,156.68,22,23
994f04b3718c2bab35c2adfa8afecd2a,3445.70,70.32,49,57
1b8356dabde1d35e17cef975c3f82730,3426.39,61.19,56,61
c394e193cda3b4225ff2094d32184849,3419.88,1139.96,3,12
4677a5437afda5fa7140b927b07be1cc,3415.70,310.52,11,11
f4db9b37944bcb8873e6b456ee190bbf,3409.78,162.37,21,22
827f8f69dfa529c561901c4f2e0f332f,3408.39,37.45,91,104
070d165398b553f3b4b851c216b8a358,3393.16,106.04,32,39
cfd7ddab722b902f7ac5b5f3ba6d723d,3385.03,282.09,12,13
960945e1a9535cbc0cd6ddd35fbe7ae8,3381.73,120.78,28,29
2d50d6282f8aa2257819a77bfaa0efe0,3353.48,76.22,44,45
db4350fd57ae30082dec7acbaacc17f9,3331.31,24.32,137,146
6481e96574816ead57975da2c0f6d80d,3324.90,103.90,32,43
6b90f847357d8981edd79a1eb1bf0acb,3322.08,73.82,45,47
8c3b533c63cca56240f94f1e3a6b18ef,3312.16,662.43,5,8
a2b5b6105ea5942300631d2e76f4ffe0,3286.69,205.42,16,16
54c04bdb5ec46762f8f08c7e8f86ed4a,3281.66,182.31,18,19
5b51032eddd242adc84c38acab88f23d,3280.00,273.33,12,14
643214e62b870443ccbe55ab29a4dccf,3270.13,49.55,66,68
52562a9f449c3dc3d53f5f5b9ed74903,3266.60,233.33,14,14
aeb36d67f1414f234d42a29e27cf1f17,3263.80,815.95,4,4
594f9aaa48e5bf431f011ddc5669b0d5,3248.80,87.81,37,38
a938325a4b357fd23a6a4d5bb126408e,3231.00,134.63,24,25
c64a2aec32cc408a8a4c6d7c46017f91,3221.50,357.94,9,9
afa6714acee029b2dfdf357e5579cc03,3220.76,201.30,16,17
95f83f51203c626648c875dd41874c7f,3217.46,61.87,52,67
4c18691b6037662be2df78a765d98ab5,3195.52,50.72,63,67
bb7a14e229b1c95156719c3d9552eeee,3190.10,290.01,11,11
d57e18d5f73c7ccb7f7339b61166898d,3187.70,52.26,61,63
e48b04bf1aa1ef711caebeb7aede6180,3187.10,127.48,25,25
e89c4adbe7b1d0819dbb636e16461cf1,3181.30,132.55,24,25
5c6d4016c2a288f074fa0848a2b653d2,3159.00,98.72,32,35
870d0118f7a9d85960f29ad89d5d989a,3157.20,70.16,45,61
c8b3445d737de6befde0c88ede534a5e,3149.04,104.97,30,36
5bc24d989e71e93c33e50a7782431b0e,3148.00,185.18,17,17
f326006815956455b2859abd58fe7e39,3147.16,349.68,9,30
3cfa1358a6caa965278721344c8d76f2,3140.28,628.06,5,5
b1ac6ea7895bc3dd6f0f6f4abbdd2821,3139.00,78.48,40,41
238fac594e170b59c6d228f5a4f4f1d9,3126.00,107.79,29,30
430315b7bb4b6e4b3c978f9dfa9b0558,3118.40,155.92,20,21
3bdff180c7e1f6551a643b99c265a120,3114.90,52.79,59,61
5b35136197710e16ac5e7b7c2bd4ea85,3104.20,443.46,7,9
08cdbae123ff67ca4e36d9d641ce0119,3098.99,774.75,4,6
f61c63d13f7cd800549d5acdd390ae72,3072.30,118.17,26,26
bd697db56ff8e7c9cd1abeb7f72029b2,3069.78,139.54,22,22
aae3bfea055532c57fb453ed3ec80b30,3057.92,63.71,48,50
612a743d294c27884fb7b80d2b19ba35,3057.70,1528.85,2,3
d9e8c084b68fe958861d8f2c21202e6b,3050.00,338.89,9,12
b8555308bfdb4ca1ed54325a58da9a97,3047.20,117.20,26,28
0ebd97a106433a45a4aebe57c1799778,3046.80,98.28,31,32
9646c3513289980f17226a2fc4720dbd,3039.30,42.81,71,78
4da0e408c99d2fdc2126dc9fce518060,3026.00,68.77,44,54
d17f467e4bf608a510c20d82f4ba3b6b,3021.66,251.81,12,12
4c8545742faaf58fafd5fd14d25d75cf,3020.00,755.00,4,4
55f7a3319d80f7fdf078b8f03e6725fe,3013.78,136.99,22,22
f4aba7c0bca51484c30ab7bdc34bcdd1,3009.79,27.36,110,117
49e7217cfe4e427191c378ec626d8737,3002.70,230.98,13,14
c9aafcd0621b2207c10e32c649cada4d,2997.25,68.12,44,52
5bc55dbe2f12b6af6d83ed46023e0dc8,2992.10,176.01,17,21
8cbac7e12637ed9cffa18c7875207478,2990.98,44.64,67,82
0c7533c71df861ec58ad7ff999ed0e8d,2989.30,49.00,61,73
974cf2cb8f4b7add98709c30df02fe10,2982.67,90.38,33,33
2156f2671501a81034d7d07f217609d0,2981.50,135.52,22,22
fce62094ffe6a4009188ec44e681dfdd,2969.70,742.43,4,11
432c37c9dfba871172ec162e20118b8c,2968.87,64.54,46,57
b494891378bd8f4560abe576c52deacd,2958.90,147.95,20,22
e908c0f3646e8b60375734a350d95d71,2951.00,2951.00,1,1
dd58ee93286b0821565574c570e9e1dc,2948.00,1474.00,2,2
1996942dc085d7773ba77a529b163cd0,2943.51,294.35,10,10
60562ab00b8054280520d390c8c0045c,2943.00,173.12,17,17
cb5df0dcb9e280b1780e9d589889f2c7,2934.72,183.42,16,19
be9a160a9011f627c3e121d076c1ec7b,2934.00,419.14,7,7
f44b6f775a2b390380e0e30b5c9d3eee,2930.00,293.00,10,10
606ce7768feac12c5e8bd58db8b08f0f,2916.60,583.32,5,5
a6fe7de3d16f6149ffe280349a8535a0,2904.80,56.96,51,52
b1204cfda1d4948679db3cfc0d3cb95c,2903.70,414.81,7,11
20d83f3ef0e6925fd74bfd59170babf7,2903.60,72.59,40,54
d3dcf0604eabf0224fbd5948b5e02f69,2902.30,322.48,9,9
4305fe92735c8a43d154ff6dd2b8d927,2885.90,151.89,19,21
1771297ac436903d1dd6b0e9279aa505,2881.27,102.90,28,36
cb3dd9ce66268c7a3ca7241ac70ab58c,2879.76,57.60,50,52
1987cd4be10fe09ee50454f9c354d1c6,2877.70,205.55,14,16
b335c59ab742f751a85db9c411a86739,2873.34,87.07,33,35
4342d4b2ba6b161468c63a7e7cfce593,2867.10,143.36,20,20
977f9f63dd360c2a32ece2f93ad6d306,2858.87,119.12,24,25
2a1348e9addc1af5aaa619b1a3679d6b,2843.00,54.67,52,55
491a5ada3aa1678414e990262c4bbdc1,2840.00,1420.00,2,2
fec6275253471ace26d209bbaa64cd0f,2840.00,315.56,9,10
d32e3909cfb714fb2a6cb092c85b9c5f,2827.90,282.79,10,11
730937bf88cb151eb2eb849f642fc213,2821.20,128.24,22,26
1838dd9b8977065acf51d95e0053ea7a,2820.30,44.07,64,67
dd533b429f380718b70ad9922c294bae,2819.77,68.77,41,45
f593898ec748b7a8cb81fc04edafd98a,2813.04,140.65,20,23
5f1dc28029d2c244352a68107ec2b542,2807.30,45.28,62,78
3fd1e727ba94cfe122d165e176ce7967,2805.20,75.82,37,38
820cc752a266cdc6c1a1e61dd4583330,2802.80,186.85,15,15
df56d7b40d437f88407c5f78b63bc328,2791.28,126.88,22,25
f7ccf836d21b2fb1de37564105216cc1,2787.40,39.82,70,74
62c50c1af4dfdc4149d25c5222043d39,2785.72,198.98,14,19
ae7ab174effdead6c241e547e4ca13f0,2778.60,463.10,6,7
a17f621c590ea0fab3d5d883e1630ec6,2778.58,42.75,65,80
8d79c8a04e42d722a75097ce5cbcf2ef,2777.72,102.88,27,28
f125f3a310c2e5f822d116147de1e474,2761.40,172.59,16,22
8f54d64f28a993550aa7943f12572959,2755.50,183.70,15,16
a1474fd46fd3430168f7ec202da39408,2752.50,229.38,12,14
1444c08e64d55fb3c25f0f09c07ffcf2,2749.00,2749.00,1,1
052577151711aec5c744fe12e66db3e1,2748.00,687.00,4,4
f805b96fa705ba7995a221f1749dc141,2744.44,392.06,7,7
3b872fd4747f01cc56206f2934198618,2726.74,109.07,25,27
5cbbd5a299cab112b7bf23862255e43e,2726.06,75.72,36,38
33576ec5412fb5905d876f12f33bfde6,2718.00,87.68,31,32
458d868c9642f55f18f04e951a3fdde6,2718.00,1359.00,2,2
78744a20ee2f80ba64f6804c25def2b8,2715.00,452.50,6,6
fe26f3ecb51a15e6d8335cd92da42562,2708.96,386.99,7,7
d93844a9c55ba7ce353388bcf849ea56,2708.50,225.71,12,14
51702dc2a3e106c76dbff722b5bf0726,2705.10,208.08,13,14
e99e927c81e3f51739c94fcdfca9f10f,2702.83,122.86,22,25
31561f325664a8a7aba4c8d0c3a9b3db,2702.19,75.06,36,38
82bd0703a4aefd6b599e5bfdaed378fb,2692.28,128.20,21,24
850913d59ce317156b00f3705f1c3edb,2690.00,84.06,32,34
0015a82c2db000af6aaaf3ae2ecb0532,2685.00,895.00,3,3
ffa6adafb71b807dc13159e26431354c,2669.90,148.33,18,18
d93919c944be9cff128f6c9cb899eacb,2666.70,80.81,33,33
9c068d10aca38e85c50202e17b4a7e88,2658.90,156.41,17,17
d25aa0aaacb370e912f8cf6efeba38b3,2658.45,156.38,17,21
6f229cc508fc6915ed5c499efd93baa4,2654.80,204.22,13,14
0885aaf116795758dfeb5f1032487bcd,2648.00,94.57,28,30
4e8dacf3d38f281ae26c3e0321d92d88,2644.95,264.50,10,15
bc302730ea8cf49b5c74f579febb5bbf,2640.90,240.08,11,11
f1b93673502375d491780bb49d615dbc,2638.93,329.87,8,10
1b7e5006cb25dd23ce8686691013b121,2636.74,239.70,11,11
ccf8813e5a7d6c84d865cd38bfc2b130,2635.50,101.37,26,26
ea6b12bf9ffe2bac34602ec631d97a47,2625.80,238.71,11,11
9906e7aa42a3c067b7c9a564d01c4320,2619.00,218.25,12,16
8ab42aa58097fd4668d60cc648225d5f,2616.75,130.84,20,26
a369d693961cb93b61ca2cc518872a85,2597.00,236.09,11,18
fdaaf5bfda82b7b80535610c831b8d09,2588.90,258.89,10,15
cd06602b43d8800bd0afad514919d35c,2588.07,58.82,44,53
244c2f1bff6afe1f2eaf9bfe9b2aed38,2580.00,112.17,23,27
04aba03279157f6d4e0fe8ccaf21963c,2575.90,160.99,16,16
2c4c47cb51acd5ea5db5e0ae0e26542a,2575.90,214.66,12,15
b76dba6c951ab00dc4edf0a1aa88037e,2574.78,16.19,159,169
41ab63a91b8b264e8c8780368bf1dd5b,2571.95,214.33,12,13
1ce3ae5a399804d1a87e706f8a813c3e,2563.00,64.08,40,44
f1c1ac3f3efc07e659c035008e615e66,2561.96,640.49,4,14
323ce52b5b81df2cd804b017b7f09aa7,2554.20,85.14,30,30
157c3e4b42f81ac4a44e8b1ca2fe9876,2548.50,110.80,23,31
bb5bd94c8f59cc050072d2930c869cac,2543.87,158.99,16,17
fe49ee029e61e789a1f3a5525f57ba8d,2527.59,148.68,17,17
cce6ab8d1682639fe45ab70234f1665f,2522.70,40.04,63,66
47efca563408aae19bb7206c2d969ea9,2522.00,210.17,12,12
ede0c03645598cdfc63ca8237acbe73d,2518.37,54.75,46,50
318f287a62ab7ac10b703ac37435a231,2517.48,48.41,52,62
3d39fbf22a665714baf62fae36029e23,2504.20,313.03,8,8
de0c78824586e9a5f5f04fd84e25df39,2489.30,177.81,14,16
cea729054f157f5870bdd321a958d994,2482.10,103.42,24,26
6989574bd97d9773f10d232b6c07da59,2478.40,354.06,7,7
5eeb9c756d9780b96283e5a2ac6da334,2471.00,274.56,9,9
c2d70ce2c5d0a2eb75e78668236e6dc8,2470.90,190.07,13,15
3a734b715d333a2588a3d54a0c9b8746,2463.52,136.86,18,24
1c40343cc5d18c2d8248ac2f3366de34,2461.41,117.21,21,22
fa74b2f3287d296e9fbd2cc80f2d1cf1,2459.89,223.63,11,11
a08692680c77d30a0b4280da5df01c5a,2433.00,405.50,6,17
5160d23075764e18e07c1f4a87fad743,2429.00,71.44,34,39
efcd8d2104f1a05d028af7bad20d974b,2424.78,51.59,47,51
ed859002ad59dbf8cf3602696a6c3000,2421.70,345.96,7,13
4b0fdb526525f9890eb145bf1534640e,2419.00,134.39,18,20
888faa8bfb0b159c37de6d898b961c31,2418.30,127.28,19,23
d06d019f72a04e5497a0b64190af170c,2415.93,142.11,17,17
d3f39f05462b79a4562d35893a28f159,2411.30,70.92,34,38
1354d51653f645349064725ed204e85e,2410.00,133.89,18,20
76833248bbc0e65a0293ec62023e4396,2399.98,1199.99,2,2
0bb738e4d789e63e2267697c42d35a2d,2388.30,79.61,30,31
6bbcb8924baf70b7fe2fe2097e8cd407,2382.50,238.25,10,11
acadd4d36859671cb635527c6c977533,2381.00,198.42,12,12
cfe94489ddd337d1e29e12f2a7205d10,2376.00,118.80,20,24
8a87611c08849ffeeccab52aa798b6c7,2369.80,182.29,13,14
120476eb7a04c149d14772edaf5d9bf2,2368.80,592.20,4,6
f615fe7efbef0f4f08fd3086bc7a3e60,2359.27,102.58,23,24
4978a02ea9c8be7a9b5480680f40334e,2356.61,130.92,18,19
8603f0038fe0e52fedd3382d266723de,2355.00,235.50,10,10
3504c0cb71d7fa48d967e0e4c94d59d9,2349.94,44.34,53,53
4391ea5c5990502176a1dcda44a2373d,2349.00,783.00,3,5
5a93f3ab0ef4c84ed5e1b5dbf23978bc,2338.25,59.96,39,44
34f563c82a85b99ae9e6d60db5fc2e28,2332.30,291.54,8,8
8bdd8e3fd58bafa48af76b2c5fd71974,2324.82,211.35,11,11
1d4587203296c8f4ad134dc286fa6db0,2323.30,55.32,42,43
df91910b6a03bb2e3358fa6a35e32f6f,2312.10,165.15,14,14
daeb5653dd96c1b11860f72209795012,2305.90,57.65,40,41
fd386aa7bed2af3c7035c65506c9b4a3,2304.15,33.39,69,76
6338ea67c41078a46ad99cc009654956,2286.09,61.79,37,44
9a84ba99f5367fdbd4598363496f1ea2,2284.98,142.81,16,16
7238a95bb63ef7e498389fb863b834a1,2265.70,151.05,15,15
e8f6dc8e6a1dcde89d20e3995c8d90b3,2256.34,62.68,36,48
8fe8786ee000001ab51d030dfd4a7bf1,2255.00,451.00,5,5
655220df33262c7e0c4949a147366f94,2245.00,172.69,13,15
7b8e8ec35bad4b0ef7e3963650b0a87b,2244.28,448.86,5,5
1b1ae47a313a825a7ccceb8e2e30fa9d,2243.90,203.99,11,11
3e8bd881d92466e63ba9e3e809cd3c50,2242.28,249.14,9,10
5abb8ea023c77787f2c15da891c8d384,2241.00,172.38,13,13
54583ab379489add547fe47b628db589,2240.00,224.00,10,10
e5f9e61ceb5f523cc966e0f34095032f,2238.00,559.50,4,4
cac876b37d3abcd6bd76caca30277996,2229.77,82.58,27,33
b83cedfb587e7911540e3f576d6917ce,2224.95,92.71,24,25
b74d1c09cb380e1d03a6f859c6f4224b,2221.60,71.66,31,39
fb89df7f89fd1b8f03fa2acca1ba7364,2220.00,100.91,22,25
3a4127e1ba7208ea37044c5092aae170,2219.60,369.93,6,6
747e73c01a4593d4cf60dcf970fd2689,2217.99,739.33,3,3
77a515caa36327151d1cc6c32a9f00e1,2217.39,85.28,26,26
abbf6046bbdf1028606a5bc7f00c99e7,2217.15,316.74,7,7
f214d28e8d8e3ef068748498ccc2f813,2212.41,40.97,54,59
4992e76a42cb3aad7a7047e0d3d7e729,2211.10,38.79,57,74
e5475dcab1e07b63d7f6e902d8f5eda8,2192.00,115.37,19,19
91f0eec23d4a61d7d7caeefa3f0ad1ca,2190.80,199.16,11,11
0725b8c0f3f906e58f70cbe76b7c748c,2190.30,128.84,17,37
14a08204d03bb6b6bde8029f801ae0eb,2185.40,78.05,28,38
30c7f28fd3a5897b2c82d152bb760c17,2178.27,311.18,7,7
8ca1551acf9832a4cf467bbbac15851f,2176.40,197.85,11,12
53d00c40e32aeb924a84ce72b1af869d,2165.85,127.40,17,17
2be17df1c49978426251562096c3cc09,2165.00,135.31,16,16
0ffa40d54288e4f3499b8780dd0f144f,2162.80,65.54,33,35
7fc87cc3e89b3d1d5cabdca32f8485aa,2153.90,153.85,14,14
72bc2cce903c872fe376a8faaa81d237,2149.20,126.42,17,18
b56906f7fd1696e043f1bcce164c487b,2148.49,53.71,40,42
373ee4a3a775a733770ca3f790b8b9ac,2141.49,164.73,13,22
0ed6ce5d87fd9c69eaacaeb778d67235,2141.42,49.80,43,43
723cd880edaacdb998898b67c8f9da30,2136.53,194.23,11,12
f5f2ab9bdb6b30c14c61be68c5ed37da,2134.68,118.59,18,18
87d30a6a0cbf89356e49324971ab1d24,2134.13,125.54,17,17
9bcdfa7b615b3abb9461d9e3ad9886ae,2126.07,151.86,14,20
13074f016982ff2bd6c58ced8682f000,2116.00,151.14,14,15
8f78f0903005064036736c7173a5c2ed,2113.70,162.59,13,21
cf2384dd2f1dddea3f838efed0945e65,2101.50,131.34,16,16
ffdd9f82b9a447f6f8d4b91554cc7dd3,2101.20,116.73,18,20
e9511df20ccd82658a30c37b7fb343af,2096.60,95.30,22,30
3bfba5a77604f6dfae7e6dd7aaf65821,2095.50,523.88,4,4
7f7b8245c336066a1f9933c359f11d77,2094.36,55.11,38,43
8de8fe3af4449ed695d2434c933ed73e,2090.00,2090.00,1,1
165b1235e9e9942cb5fae67103576fb0,2085.15,189.56,11,16
f7720c4fa8e3aba4546301ab80ea1f1b,2083.45,34.72,60,78
e6a69c4a27dfdd98ffe5aa757ad744bc,2076.20,86.51,24,29
6aa3928696eab49a19a466e665a649fd,2075.00,115.28,18,22
082e0bf4cb865a6533b1e8e498cc0255,2073.30,188.48,11,23
6b536a23086fba0d58c08d68814397f6,2068.80,108.88,19,23
e38db885400cd35c71dfd162f2c1dbcf,2066.80,68.89,30,32
ea65d8b58316a6f2362f2a9e4b3e86ad,2061.40,229.04,9,16
412a4720f3e9431b4afa1476a1acddbe,2058.10,98.00,21,22
dc8798cbf453b7e0f98745e396cc5616,2056.30,50.15,41,51
9449f25aeaf531019b76999ea49a6949,2046.45,204.65,10,10
bc2ac6b95e1accce9858528ee566c17e,2045.00,113.61,18,22
c6381d2d013342748761e906d45aff76,2042.98,136.20,15,28
f41ce2e25237f9092cd8e6e7516c7a2f,2030.90,75.22,27,28
78c99c6dff4eeae5be99bf635ed21e3f,2030.88,65.51,31,39
71592660bbcb6a4664e97b6f8b68babc,2027.18,337.86,6,7
bf84056e679dbe9c69929847a40e338f,2024.04,56.22,36,40
4c8b8048e33af2bf94f2eb547746a916,2020.73,87.86,23,27
fac1a9017ade7bdc94058fc1c969f355,2010.84,223.43,9,10
1782ce2db72c3dda627d5e7c898104e1,2010.80,223.42,9,10
3a1a1fec38dd360f15fc912e821e169d,2007.38,133.83,15,15
2f09f7d37a97956d11cc1a7cadd5262b,2005.00,182.27,11,12
116ccb1a1604bc88e4d234a8c23f33de,2004.89,32.87,61,73
d6ab728cf30867cf3f1a2e216ae2f9b7,2002.00,166.83,12,14
3d2531eccfbde1d7c8db7a3a12fb267a,1999.54,199.95,10,10
8ec76bb0965af3f007692b26fa9d6623,1999.00,1999.00,1,1
17908cf9b444ee34047cadd5c0f4a516,1993.99,181.27,11,11
bf100ecb7997df312b285358fb32f92c,1991.90,99.60,20,21
c013e57c075a06e5b5c48ee03c525719,1971.55,46.94,42,45
91f5779a8731baca4809fdeade81803f,1971.46,328.58,6,6
1690cada046eb7e92c12f98b1f8a8167,1959.00,178.09,11,11
93b9a99027bd8bd6af682aff18dd19bf,1953.00,97.65,20,21
6df688df543f90e9b38f4319e75a9d88,1949.96,48.75,40,56
272f092de69afedd4d2969440b37f18f,1935.33,74.44,26,40
4e5725ba188db8252977a4f0227bd462,1930.59,87.75,22,25
cd843d4cf8ef32827de0396605163ba3,1915.00,383.00,5,5
1b8b75e227c9a9c100d0c210fb6176ce,1914.83,100.78,19,19
9dda5bbacd45e18d6485fee649205d09,1912.60,100.66,19,22
f5f1f2c5f923f36ad79ea1d07185ddc9,1912.15,159.35,12,13
901b460cdce0c64e471230d7f2f9f3a3,1904.00,380.80,5,5
e2c92f9c1c7746d899d18f2e158bbff7,1894.70,135.34,14,14
112453736dbe3889cfb74e1aaa0ba0c1,1890.00,270.00,7,14
5ab05b6d86d417796c69ffd6774ec832,1886.10,188.61,10,12
65b081a070633e057c462abdd6fb9dd8,1885.09,99.22,19,20
5debea795b07621e1f90532e18f96145,1883.78,75.35,25,33
7ade73f1b9b4e965f9009a4c3a7e2c15,1880.30,69.64,27,28
e24d3429d294b2eb200b064ebb035879,1878.58,98.87,19,22
5b33b527da3c5b969cc99dc435cad09a,1872.79,117.05,16,17
392e0502231ae2f8b29994ef6398cd77,1871.70,93.59,20,20
95ec4458365c4d11f452ccf538377619,1866.76,69.14,27,31
0417b067eeab773d2f7061a726dc477f,1859.18,143.01,13,13
c8467937e403e76a8ee9f0ab13f6f5ef,1853.79,61.79,30,33
4b1eaadf791bdbbad8c4a35b65236d52,1849.79,231.22,8,8
a4bd6e9adf39b63f43dc545d3ca1f53d,1848.59,462.15,4,5
74bafed391319577bce6f4d2acc0589a,1847.00,615.67,3,3
d97df38225e5abadaff1e72cb72b823c,1846.00,63.66,29,29
a36b125ac6d5fdbc7f50de85c9157bdc,1843.64,76.82,24,26
ffeee66ac5d5a62fe688b9d26f83f534,1839.86,131.42,14,14
6a38087bc8ad4f89ff453561005f6dea,1833.43,122.23,15,22
c679fb69a36e1d8349e8c50a217b4d58,1825.68,130.41,14,17
5075aaa8404020ae6aa8bf4792099b41,1822.80,140.22,13,23
729b2d09b2a0bdab221076327f13d050,1822.11,37.19,49,61
55bb6fe5bebe5012e2d7d9928e1128ff,1816.55,121.10,15,16
a5a1bfcf728ab0e19182959cf0771ee4,1812.96,86.33,21,24
5b85809efd0d0e4dea1a9544e1280ed9,1804.60,150.38,12,14
411f3b52d857390502ee4e4d5ceabc2d,1804.01,85.91,21,30
7fdb0720c8d7c9075538b365dc8c3a22,1804.00,200.44,9,10
2ff6b7bff164ef05590a52734e1296da,1803.59,257.66,7,7
15fa791d5e017f66402dc28c44480657,1802.00,225.25,8,8
c3e1abd72a42fe690fcd89cf5720fe29,1798.61,138.35,13,13
1976a05ecf2996d6ffb7b5430e635fe7,1796.20,224.53,8,9
dfc475d54e1b6dbeeb7d7d9bdaa63827,1793.76,94.41,19,21
5b581417df4480f632484ba681e53944,1790.60,149.22,12,13
406740ee611378a662d274c7d8c43c4a,1790.00,223.75,8,10
fa3a0b5aabb344b9a92e3524b0202123,1789.00,255.57,7,7
81783131d2a97c8d44d406a4be81b5d9,1782.54,137.12,13,15
293dee954235e4e4e43f129313625ebe,1778.92,222.37,8,8
07bf9669d84d1f11be443a9dd938f698,1776.00,98.67,18,24
3481aa57cd91f9f9d3fa1fa12d9a3bf7,1773.03,70.92,25,25
ca4b77513ac2040591b0d8fae6958380,1772.45,126.60,14,15
d5b9a084373da994a6e37f732169a853,1769.00,252.71,7,7
3ca08eeb8d5595949fed424bd3677742,1768.87,126.35,14,14
c8417879a15366a17c30af34c798c332,1767.90,68.00,26,36
f63d8f293af3a6454377546bd9dd19ff,1751.82,103.05,17,28
cb810bd318f51b3dc3c753944d61a1fa,1750.00,1750.00,1,1
dd4d95ba2d15c071e6c695e2ef6ce169,1748.00,437.00,4,4
4bf658053d453036c70976bccb2c31b2,1742.99,871.50,2,2
198c7ea11960a9844b544d9bcdca860c,1733.75,69.35,25,25
6ddc28b61be28373b4503a1f61cf98a9,1732.90,157.54,11,11
c5f7feb04a6a1fb3596322bfc3cf1917,1720.60,156.42,11,11
d3674f271c91f824f82d24d92011f669,1718.30,85.92,20,20
a70e9066dbfd10b6b97a3f54a1356762,1716.00,858.00,2,4
8378eb36b6b70c5734e83ad7b8cdc3b7,1714.80,244.97,7,13
7139dc5186aa238b006e066d8fbab2e4,1712.00,77.82,22,24
656591be56071d4c9ef4e5fee78a578a,1702.00,243.14,7,11
6b1c4d4d9ccf0be3d8544eb0e71e5318,1699.00,1699.00,1,1
f235413f677777a0738ff215d0184901,1696.70,565.57,3,3
1dfe5347016252a7884b694d4f10f5c4,1693.50,80.64,21,27
731ef20c231d9a7103a425e83fd91271,1692.00,846.00,2,3
f9903dd0f812c7e771fcad47b6fff231,1684.85,168.49,10,15
3935fe5fe0f82787a9dcb8deb62be09d,1681.69,105.11,16,17
44f091b5abab8018f682fce8124b85e5,1680.10,280.02,6,6
bafc5aa11e413978be29040f51342e70,1679.55,186.62,9,9
e64d65bc8dbec2accda90c58de5d1246,1678.80,139.90,12,12
0b18d63d0cd1d723567903fd34a07df2,1678.14,186.46,9,14
0ac4201fda2c68ebc0e47cb9423cf3c9,1676.88,128.99,13,14
1dc2de47ee26a0a5b12dc14fd6dc0dea,1670.30,66.81,25,27
77fccaae319668a8ab6cd0fd16aec48c,1667.00,151.55,11,12
7586919161935337bf6b6d7ff5779648,1664.71,151.34,11,18
5f67c6082caacb26e431a7b17940cece,1662.60,127.89,13,14
53b0300ca793f9834cd69c0678d35ee8,1662.15,332.43,5,10
a1040efe9ff4a6f93c28b0499eada8f5,1658.83,1658.83,1,1
25cf099de44674fde97473224f9d59ab,1654.36,33.09,50,50
df0f42bc4c2142eacf0eaf2cffd0cfbb,1654.00,118.14,14,16
b2a6d334e2833acea353624840e25a0e,1650.98,66.04,25,26
26e2c91ef821e1ff8985f408788fe35b,1649.40,137.45,12,14
ffc470761de7d0232558ba5e786e57b7,1649.01,58.89,28,31
edc518ba25576a0188a0e8f2c3af186f,1647.39,274.57,6,8
0887a9f087bcd5d9f6642b52f897fc6c,1642.00,136.83,12,12
7a2d2949aea47fab95fd98d6c9f618b1,1638.99,149.00,11,12
2a6fbeaa7ab9e5d59a35841a8da71ce4,1632.79,54.43,30,30
9b00ed88b7fdb95d6ff76e27c1b52d16,1627.88,34.64,47,51
3092c0b297aacfb4bb6e056ebe13b9b8,1623.90,85.47,19,21
f1ed6bd0a9b11b581f16c851c6a5a527,1622.77,95.46,17,18
15cd6eefe58588619aaed41dfa6621b1,1622.74,101.42,16,18
b0f2a6122a90a93eb03e68653dd960e3,1620.30,270.05,6,7
013900e863eace745d3ec7614cab5b1a,1619.70,70.42,23,26
02c988090b766852e088c69d7fb3b551,1618.65,124.51,13,17
d354c38a7182125a748cb10474fe963b,1610.33,89.46,18,20
8daab2245ebdc277c51098d01c5ad8ef,1604.59,100.29,16,16
427165bf50f8ca07efc7bdc2bfcf1688,1603.50,320.70,5,5
7813ea3ebd9411dc600b4dd01f7a97b9,1599.40,177.71,9,9
850857dfac77488c307e2b1cbd84ab5a,1599.00,1599.00,1,1
8a1ff5c35f6595a73fef4c7b96e4908a,1598.00,799.00,2,2
081acf3de680d554796c9cf041be7bc2,1597.30,399.33,4,8
41b86b552e54e3a7009596125aa8b167,1595.30,159.53,10,11
8a2d12a90e92f012ce5226fc6592b653,1594.65,88.59,18,18
39d54ff918774174706fb065d7f9dc07,1593.59,69.29,23,25
70f84699be677ec988d1fa824aef7d90,1588.30,317.66,5,5
845e8036c3f7bf62099352f5ed910240,1584.60,75.46,21,24
f3c38ab652836d21de61fb8314b69182,1581.00,105.40,15,15
134285d1f41da5c13a756ee8142c8a4e,1572.70,524.23,3,4
1660ad786c27fd935378b6192a90b417,1570.00,130.83,12,13
c4fb51fb1c5b7c07bc5e67be6e7e8f6e,1567.90,104.53,15,16
47648caee88ccfe951fbb27fbf7b4cbe,1564.99,521.66,3,3
8b87cd0d43d49b9bdf40f56229364d59,1552.90,310.58,5,5
817f85dbb65aa3e70831d90fe75cdf89,1552.27,141.12,11,11
0eaa7e33d73809f1f925f7d07c506cbd,1552.00,103.47,15,15
3785b653b1b82de85ab47dd139938091,1552.00,73.90,21,24
fe701d88b67eaca109dffd464d1be9f9,1548.90,140.81,11,11
78a4d36f65a019172c6154468831a69f,1545.50,220.79,7,7
49cdc90518a4f82676b38b3c1aa43ff6,1539.50,307.90,5,5
06bb3a2fe5e7b7a845b13e8fb91bd944,1536.19,90.36,17,18
cbf09e831b0c11f6f23ffb51004db972,1535.20,153.52,10,10
3a490ba60afa30ece0e7d50cfe74a4f0,1529.20,191.15,8,8
5bf397d04035b5f45cc41e82ec106803,1525.00,508.33,3,4
3586b8580d9c917874e053a1bb37b5ff,1524.70,42.35,36,43
01bcc9d254a0143f0ce9791b960b2a47,1521.21,138.29,11,11
1ca4bdb0cd7fc48e949bac066188ed26,1520.00,380.00,4,4
a7c88262832dfc683781d6a421edefae,1520.00,304.00,5,5
5b97c06a046398e7005b2b7c0d707a92,1519.96,379.99,4,4
866558b3bccef2dbc6d29a2b5995016f,1519.40,303.88,5,6
094ced053e257ae8cae57205592d6712,1519.20,79.96,19,19
2a61c271b1ac763450d846849783e922,1516.76,84.26,18,23
1dd33b8119b3cb1056ed5dc88cd0aaf4,1513.00,189.13,8,8
a23266650e7c84bb93fbbba502137478,1512.40,137.49,11,16
6eb94e1466490d327a09abf8f3552a50,1511.95,151.20,10,10
9b522ba7eae9e1d04082f267144583cc,1507.60,376.90,4,6
b33aaadd1a8891d2dfef0c4c3bdf0371,1504.00,94.00,16,17
714b9a1332840f257b49f476bea4e341,1499.94,249.99,6,6
9a03a4e9eb0b947652fae4f6121a3f5e,1497.00,213.86,7,7
02dcd3e8e25bee036e32512bcf175493,1491.90,106.56,14,17
c7b7db6c8f3c64a7cc1afa634db21d50,1489.00,1489.00,1,1
431050a06a317f2b38168dec3dcd2b46,1487.80,123.98,12,12
659e8466eb3ff1b0e8740d74fb7bbedd,1486.80,135.16,11,14
b6e1504972665f739dec4facb9943775,1484.48,106.03,14,14
9da1ca0bef29ee170e541927a5aeabdc,1484.40,247.40,6,6
52f0fe436a347ddad7ed5f9aa4e27eaa,1484.37,70.68,21,23
f918546be4bec7104d117789ba758b2b,1483.00,74.15,20,23
6806dad1da97bfb5a9038eac6881f706,1477.00,147.70,10,14
4d232b78ab7ef10393dc3807d827bc0d,1475.00,295.00,5,5
e256a62e0ac58c0edfba09966142d561,1474.11,122.84,12,14
5e105f5c9f63f5f1fd75d6cb942e55b1,1471.90,183.99,8,8
e7f3bf1ecd8526eb7f3b18059e6716e5,1471.54,81.75,18,19
d1ef48b38baca7e831711c4a0aeb398f,1469.12,50.66,29,35
7ecd59e5e20407131822c1a68ac59c1f,1466.71,61.11,24,29
01ed254b9ff8407dfb9d99ba1e17d923,1465.99,293.20,5,5
4ba52dfeba874da5b9ee7b17c7494f04,1463.00,133.00,11,11
1284de4ae8aa26997e748c851557cf0e,1459.97,486.66,3,3
5145090ab595c0d0b8557199f5701fbf,1459.60,364.90,4,4
97512d3fc193b2d1dfcdba0f9d1f0f8a,1458.87,121.57,12,13
d7827b2af99326a03b0ed9c7a24db0d3,1455.00,1455.00,1,1
a414555ce331b8c8aea4a9cb8395194d,1450.95,207.28,7,8
0ad80de75c811326389cfb1daba7d45e,1449.40,241.57,6,6
2dcf93836ae3ce0d7c93e2f10876467a,1443.80,160.42,9,12
dace965ca58120f92f8d742a9fa1864b,1442.00,180.25,8,8
66fd84ee7528c0c0de85d0f44a73d5ab,1438.11,130.74,11,21
5b0cc932433fa5184b5b94bfe6bcc256,1437.80,119.82,12,17
3771c85bac139d2344864ede5d9341e3,1433.30,55.13,26,30
ec933281fb017b5020d06df29c3f77e8,1432.00,179.00,8,8
c5f7e746b7e6d07def6c0dae9903279b,1429.00,142.90,10,11
0aea4c6ae1505b3228ddf3dd7822ee5b,1427.91,178.49,8,8
ffff564a4f9085cd26170f4732393726,1426.30,71.32,20,20
d9a84e1403de8da0c3aa531d6d108ba6,1425.20,26.39,54,59
adcf50477d6a1f5d91bb9d54c4903cb5,1425.14,75.01,19,38
f5f46307a4d15880ca14fab4ad9dfc9b,1422.94,158.10,9,10
89c127985a8b130cfa45c1d36764017a,1419.57,202.80,7,7
0b0ddbc7b9d9584f442c7ac92b0ff6c9,1416.76,472.25,3,3
010543a62bd80aa422851e79a3bc7540,1416.00,708.00,2,2
17eea220a40cc0d2c0c5346379682398,1414.98,353.75,4,4
af3ef48d0e13835e529c29ac573c63e5,1405.63,66.93,21,21
921323538c9f1c4e816f2720eac02bea,1401.84,93.46,15,17
8ff1a9df749e454105c55cda13e79143,1400.60,107.74,13,14
d4ffeb15b67e81ff9af2b4252d99fb7e,1400.40,127.31,11,12
d4e12e7884759a14fa0f5f896c791cae,1400.00,48.28,29,32
04843805947f0fc584fc1969b6e50fe7,1400.00,1400.00,1,2
b8114f2f589a6804810f04f99b36b498,1399.62,174.95,8,11
2e1a7d075abe038c1b2743005fe42ff1,1396.70,73.51,19,23
8e2b3afb420011ef0c88c9d5f11ea526,1384.50,125.86,11,11
863d2ebcd347ce4922de7a0f9a5581d6,1382.36,76.80,18,19
81336a0f57a33776419727a300249e90,1374.85,85.93,16,19
88cf19ec1fc2c58f161aee259d57142c,1372.97,98.07,14,14
8185694b58b2ba6de20fd41ae608bbea,1372.30,171.54,8,8
985c92cc412091f8529c12d7f23d3fef,1368.50,114.04,12,12
0bebbb2cea103a4a020c95d43fd7d754,1367.20,151.91,9,9
556a6409838156ea299c9d1f9e2dde43,1362.80,340.70,4,4
36890be00bbfc1cdb9a4a38a6af05a69,1361.30,104.72,13,13
5a425cc503b39b262a847fd6212bf53b,1360.59,90.71,15,15
a36ac007a4d18f865c8d32c3b2402c2d,1359.78,151.09,9,9
091065b789659bc3cd9af9cb3a6253ff,1359.00,679.50,2,2
2f73e04d12cdf0c945ded66bb3fcf6c7,1359.00,453.00,3,3
42ef3192a9ff87a22d1867b74b3ee205,1354.09,58.87,23,23
9f50216bfd01913736a55a11b55ea842,1354.00,79.65,17,19
04e38a233f726ef161074ab1c9b0399a,1352.20,58.79,23,28
b9a03475e6447e631b6799ec8274800f,1349.10,134.91,10,11
e439f7176d763f92de325271111b2fd5,1348.40,192.63,7,7
c3ee2331a724e6fc02c4b698b57a73f3,1347.00,673.50,2,3
7e26c750b4cb9f6766f58265ff9ebe95,1344.30,58.45,23,27
20b54c376b794ed028df09a3cd88e8dc,1342.95,122.09,11,11
b43d8b707f887a30f4675391098354a0,1342.00,447.33,3,4
186cdd1b2df32caa72cfb410bba768d3,1341.45,223.58,6,6
8ea394aed8138685abe1eb9f25e1021d,1340.00,670.00,2,2
ecccfa2bb93b34a3bf033cc5d1dcdc69,1338.64,89.24,15,19
7357b52d27cbaa90f81a96cbc1279396,1328.02,110.67,12,12
058cb5aeb36d7c0fcae20fc85d5e0a59,1328.00,110.67,12,13
3faf68a3b0af94b10bac70d86077be49,1322.93,188.99,7,7
5d9f3746e112e696f98ea22c56b3e912,1322.64,1322.64,1,1
d2e753bb80b7d4faa77483ed00edc8ca,1320.70,94.34,14,15
718539d38d07dd351c76db862760e2e2,1318.90,35.65,37,45
2bd05d410a8fd26dc4184a15f4f2f588,1316.73,219.46,6,7
5151aea44289d6c6b090ee31c2132508,1315.30,187.90,7,7
3f8034bfc6b8b4135534975d49f04c63,1313.90,109.49,12,16
4eb61f060e7dcc1d5a80d806c35cc541,1313.00,164.13,8,8
c794dab4928dd97beb41d05514441e86,1312.40,82.03,16,16
f4a04f7be452aa3bb31760bf00055dd0,1312.10,72.89,18,18
e63e8bfa530fb16910dd6956e592bb81,1311.70,31.23,42,43
626ab1cd96932367f0eeec2e47046c12,1310.00,436.67,3,3
7f40d06aa0b5f1aa4f41af8c0480e2ef,1309.94,218.32,6,6
9a1aea68d3efa00862ec88c0768037d0,1309.20,187.03,7,8
0e982cff76cc0579f632cea8a0e38c9d,1307.34,186.76,7,12
a13580f0e8f782b7a543885a0ef99f08,1304.90,130.49,10,10
4dbd95a08b31ede5c82d3f861cb1ce1a,1304.67,217.45,6,6
83b08de96980757220871b31bf6cffca,1304.17,260.83,5,7
542917da124346b47ea1ac79a93ce454,1303.90,65.20,20,20
90d4125885ab6c86e8820a722be71974,1299.55,433.18,3,5
45a3d05fb00435e52a28859dd03703b3,1299.00,1299.00,1,1
56e361f411e38dcef17cdc2a3d99628b,1298.00,259.60,5,10
d101c6da914ae3d53f7bee42283f2fe2,1297.40,99.80,13,16
10ff823eda2b032e2c93d17a7d294736,1294.97,143.89,9,9
51ed72984a04e5dd35c2b27e77179038,1294.30,184.90,7,7
f08c008c8a8d31417763738a1788a2a8,1291.72,58.71,22,23
b9ca8e8baa5d4aa038394a700f63e69f,1289.77,92.13,14,14
25e47381a6c510ddeb36084e33b89f0c,1289.60,80.60,16,17
141440cad9341e553f8401c574a2aa38,1288.20,117.11,11,12
bc07d855eac23aab5ac8a120f21d16b2,1283.11,106.93,12,13
e3d3b3efac954a60d61be70b7e05b49b,1282.05,427.35,3,3
4eeb99008a0f59d2c7759c59f9a346eb,1282.00,641.00,2,2
269cff2d3c8d205c11f37a52402ea93b,1281.59,320.40,4,5
a478c7961d6a992065b24e63b366f90b,1281.50,160.19,8,9
5795aebfe331fbcd02a2c4b679fb7952,1280.00,213.33,6,6
fec8cd45395b3cb0c2b173d7739706a1,1280.00,320.00,4,4
2709af9587499e95e803a6498a5a56e9,1279.56,49.21,26,47
1dcfa3835714681d4ba4a93bc1e0fd41,1278.50,98.35,13,15
bb5d956dece964a06c12bceb66b923ae,1278.36,639.18,2,2
128f9bfbe4c7d5185033914b1de3d39a,1277.29,91.24,14,16
52f9db5cfb423382a2fa5c9e39303202,1269.77,57.72,22,23
c8c1bea22194a4eefa2dc9a9fa89f536,1266.00,180.86,7,13
2646baaf662d4d92ac48f047e35db92d,1263.05,84.20,15,18
9ed65337433adfbedefd23dd76eaa494,1262.60,210.43,6,6
da7039f29f90ce5b4846ffc0fcc93beb,1259.10,74.06,17,18
9140bd1d9de28b197dce077bdd687438,1258.87,209.81,6,8
8a9260f2b0340411d6d2a56bcf4f7378,1256.00,157.00,8,9
b8578d2d823bd8e251f6fdd02b40902d,1255.60,139.51,9,9
4cf490a58259286ada5ba8525ba9e84a,1254.20,156.78,8,8
734def04b237117a09321dd6d8f3f2a2,1252.43,626.22,2,2
402916f742e5c740cc751493d9cf5053,1252.00,139.11,9,10
b5abf4f36adc043117b4fca82c22984c,1247.80,113.44,11,12
30a81d8cf85fb2ada1b1b094c9583a95,1245.42,73.26,17,20
3fac58ce0ad699020c7944d53c41329c,1244.95,124.50,10,16
671585f5a2af58b6e276bc01003c0d2b,1244.00,46.07,27,27
5d76d80a2f5f39c891b996a1bf4c9853,1238.50,206.42,6,6
67225bff54a172ff67579aaf583efd78,1238.00,154.75,8,8
002100f778ceb8431b7a1020ff7ab48f,1234.50,24.21,51,55
4fb41dff7c50136976d1a5cf004a42e2,1230.00,410.00,3,3
7daca0837f033a41a6f3428c18657533,1228.98,175.57,7,7
0afccdb8a34ee5c79f7c06faf2b4d56e,1225.50,49.02,25,25
2d518637f53161b973e01f56ea4bb88e,1219.89,93.84,13,13
9c4d31c7e46ab03a43fc06e3142afd4e,1218.90,609.45,2,2
7a425d299613df3e613bcf9d2eaf5c49,1218.80,67.71,18,18
2cb6eb1b7185064167657fa09f541105,1217.90,202.98,6,7
093805f8f2aeb63881444571e1f48f30,1215.79,55.26,22,27
f9d010e39375d9c91dce3f40b73a2f84,1212.00,303.00,4,5
57c764b4a836300be881e2ff86e449f9,1211.00,41.76,29,30
788e857f317e53de488d393e65a80f45,1210.00,110.00,11,11
6426d21aca402a131fc0a5d0960a3c90,1209.64,52.59,23,23
01fd077212124329bac32490e8ef80d9,1208.00,38.97,31,39
b566ab0ef88016e00422755e305103c6,1208.00,241.60,5,5
7238f877570096ae403c51898fa64566,1200.00,400.00,3,3
f0563bacf40c311f1c4d3d6b67b8a7a7,1199.00,1199.00,1,1
6bef34c5be6f2bbd70aa5165f6df94b1,1198.00,599.00,2,2
11fb6f6d341adbe19e81733701704635,1197.00,399.00,3,3
a20d8058c866dbaeca014d2cd20ac62e,1194.00,597.00,2,2
d8c7ba53e7e38711eaef8c2849d6d2e1,1190.87,54.13,22,22
700f03c207639c22d933381ff60b35c2,1189.86,297.47,4,4
c0098efcf800861dcae589affca31408,1189.28,132.14,9,9
1710c3aaa9c6b44ec3883ee0fe300e21,1188.90,594.45,2,2
e504a4e2efaa45cbff7e268a2c58c956,1188.80,108.07,11,12
c273175f7c6c80fb02f051e2fc6d0d72,1188.23,84.87,14,14
439a47cc365d6e3bd526812ea9de3c29,1186.50,148.31,8,13
a5259c149128e82c9d6d46e0c1c812bb,1182.26,147.78,8,8
7ff588a03c2aeae4fbd23f9ae64b760d,1182.20,84.44,14,16
ec4608a1f76453166bb312b2968aeaf4,1181.75,65.65,18,35
725af026f869236a8dd0ceb98564d156,1177.71,168.24,7,8
327b89b872c14d1c0be7235ef4871685,1177.00,392.33,3,3
b1aaae6b66ad3c40f54b389d7ea4bee0,1176.50,78.43,15,17
dbec9a0a7efeff029d4d9dce7dc4cc95,1170.00,390.00,3,3
f1b854361f4e15d5851b494df66f22b2,1168.80,389.60,3,4
8629c241b3622ac12cd4118afdc8d394,1167.66,89.82,13,13
a425f92c199eb576938df686728acd20,1165.80,68.58,17,19
5ee7fd217d08dfe5d3e2f51f96a12c9a,1165.50,129.50,9,9
c8e135e7b21ecbc36c1153a29d2f5a06,1165.50,166.50,7,7
5f3ae9136c875522250f8184f253413a,1158.00,26.93,43,46
d1c7fa84e48cfa21a0e595167c1c500e,1156.03,96.34,12,12
d1b9d4be4b6f9ebd85f8acd6745ba612,1154.35,104.94,11,11
2d378dbb39815785238c0139c7647fb7,1154.00,577.00,2,2
432c67955c0acd1fd6b0b5d678766a71,1151.00,383.67,3,3
c35672b10ad50968f567ea3f4b91e877,1150.57,63.92,18,22
5fd924b4836098a5be0ecf81ba054ce0,1148.80,164.11,7,8
1d2732ef8321502ee8488e8bed1ab8cd,1148.00,287.00,4,5
d4910f1cdcfdabd48d6b316e395d4a23,1146.88,104.26,11,12
10089e9f2fd0c668a8fd4e52e1698888,1139.90,379.97,3,3
5f26c1408a65b42a7224cd463bdf3292,1139.80,113.98,10,10
6562efe88ce0826a4ca4f189f03b4b84,1135.90,126.21,9,21
6b89abe95848c850399130d149a39b63,1135.20,141.90,8,8
5b07547f10dd980738a1a27f685af669,1134.60,87.28,13,14
75fbb52eda0cbc24f479d3b2fbfa8d3e,1130.99,28.27,40,43
9485a23c0430ba1d58d359391606fce6,1129.90,225.98,5,5
713e3a23ca5e47786eb6f0d99f94cfac,1126.00,281.50,4,4
138dbe45fc62f1e244378131a6801526,1125.56,22.97,49,58
9bc484c87d79cd4874e05ca182658045,1120.00,124.44,9,9
c878515173c84a492ebe50d6b493230b,1118.84,124.32,9,10
cda598c48d7c614bc1cad7d8ff6f0010,1118.60,65.80,17,18
365e445f796710c3431557e85caa25db,1115.00,278.75,4,5
1b65c144b17e607c0f37f10bb7dfec8d,1109.50,221.90,5,5
b586cd24c010a13916af621b0325fbba,1108.94,184.82,6,7
6c6cc59a5c00cacc5054ca06d65cc282,1107.00,1107.00,1,1
abc015ebac1d283a323ca9db35ede4b9,1106.80,92.23,12,13
457fe919b032a3f7dadba6fb92cf7855,1104.89,122.77,9,12
596849622429351f47b32e6cae1055ff,1104.70,78.91,14,14
48328ec9a579151d9cc6a86d4a59336c,1099.00,1099.00,1,1
c88f62b4c386a59281014d677864d016,1099.00,1099.00,1,1
4b39558c138930b9e5489c93b6df5fe3,1096.70,274.18,4,5
b55638ad525e906c698fa2ce742c1742,1094.80,99.53,11,12
119d1aef1b4144adba89163f6cd9f5d4,1094.00,273.50,4,4
8b655f0855926bcb49f5835d38dfddf6,1089.50,217.90,5,5
f205b1a3ca9a34e0f8a228bae6e4c7b3,1088.00,136.00,8,8
76ea5315acb3f5f7ade3cd261faf922a,1087.06,72.47,15,15
fe87f472055fbcf1d7e691c00b1560dc,1085.80,180.97,6,6
e48cc16ab70bfa09e1401740dce0b3d7,1084.83,77.49,14,17
39f776d2974049026ff531fc42ef2a3e,1084.04,361.35,3,4
71dc18fd8cbf5fd77f45dd8b427abb34,1080.00,270.00,4,9
4091f77d8c768fc3e81c20761471761d,1079.00,134.88,8,8
4736e9d642ef4257cd7622516931eb51,1078.87,67.43,16,20
03a2a6dcbe45d639c4dc2a0d24769c40,1078.41,119.82,9,9
a066df7361163e7ddc5d7452dd17448b,1078.30,71.89,15,17
278b6e0b20c4f61fefaa0577943d7a35,1078.00,1078.00,1,2
577719699805dd125d5b6fdde5943bba,1077.80,134.73,8,8
167fd940acebc789debd6eb418c46e38,1077.58,215.52,5,5
3d4b1ae7539303b5704493798893e82c,1076.00,179.33,6,9
334cab711dee080b079fa5779b584783,1069.70,97.25,11,26
b18871c324516afa228a13e8f1ef0ae9,1064.60,118.29,9,23
eb72802c83dc7547529c9546d1a9b8ef,1063.92,132.99,8,8
8fbd63429be6d3e5e6d1a709b6464802,1061.40,176.90,6,8
b2eecf5ea250510da76590ca79d60e5d,1060.00,117.78,9,11
f5fea3ffed6c2e889bab72705557c63a,1059.90,353.30,3,3
1464afc72f696af775557a821c2e253f,1059.36,36.53,29,30
de9727ca376d1be6ec121b110aa7954c,1058.70,105.87,10,12
226b05fe067266c59c15dae208213d06,1056.90,105.69,10,11
55dedd83e501d8248880557d9073cbfd,1055.30,131.91,8,9
04fdea0c111866e6cf812f1570d6b5bd,1055.00,105.50,10,10
9d7a1d34a5052409006425275ba1c2b4,1054.82,81.14,13,16
fcf16b7a8697e559f0123190bb30177d,1052.80,350.93,3,7
4324dd16853115efb0fd9d0d131ba6f4,1052.25,87.69,12,18
bb135baca94c82fcb731335ad5b04a03,1049.80,58.32,18,38
b7d5b4b87af9d42b601865d3f3810bff,1049.00,524.50,2,2
49067458c68f7701fd334ce326accbe0,1047.65,61.63,17,37
1cbd32d00d01bb8087a5eb088612fd9c,1045.47,95.04,11,12
c03121937e54a93fcc1825c3098bbb6e,1043.00,149.00,7,7
89f69225956f951295ca4c7fb1266553,1041.30,94.66,11,12
3d4824f20035949c710eaf111f869d39,1041.04,115.67,9,10
1bc2e21de46adfea6b98cc96b00f3b40,1039.95,346.65,3,5
7c5b05cbdb5542049f38d90d7815b97d,1038.96,47.23,22,24
633ecdf879b94b5337cca303328e4a25,1037.60,172.93,6,6
7df1fc11cc5cbc518b39faa60cf5d67c,1037.60,207.52,5,5
c54679b132454625907c773d273d4126,1032.00,147.43,7,8
8c5e007d7bd5693fa1386ffefbc99f6c,1029.11,114.35,9,24
8f2b51a30523cdecddc2f179f351c7d6,1027.90,146.84,7,8
76c47a299e4a8fe992316a85865acbe9,1024.46,170.74,6,10
e58a5b390e28abc0b216cfb0e07d27d7,1022.60,146.09,7,7
7994081388d55b9cf976c050653dd359,1020.00,510.00,2,6
26785a546900236d66f2e4197c211158,1019.20,67.95,15,15
7aa538dd6e114e503a2e6154ea352253,1016.68,203.34,5,5
a13aaf2d2886ab9fb30fb9a920160b8f,1011.52,252.88,4,4
28872dc528e978a639754bc8c2ce5a4c,1009.90,1009.90,1,1
5011f0d93373a4c5753adf58ca77af8d,1009.42,84.12,12,22
5b664594895aefb418afaee6d40a9a23,1008.80,63.05,16,22
00720abe85ba0859807595bbf045a33b,1007.50,77.50,13,26
b45d7ebfb7378630f1bcd74b6ff86ff7,1007.50,201.50,5,5
fb3cfbc8a86f5d7fbb4d36b8df63f60d,1007.30,100.73,10,15
bc47d5d1490df2b36add65d733eafaba,1004.80,41.87,24,25
980640c45d7a4635885491d077167e4d,1004.29,71.74,14,14
ef9952469137ff190bacafe117f51537,1002.66,200.53,5,5
515d781150feed28a6ac091bb0e3cb8c,1002.35,167.06,6,6
2379bdc3888025689a9deb7b141507d5,999.50,111.06,9,9
41c9d3997dd3c072c31139dc5bb5761f,998.80,332.93,3,3
cb4a705d00e100b9732d0ca34817d441,998.00,998.00,1,2
dff87e4de60c9736ce8df835951b09bc,998.00,499.00,2,2
b5e3e38609125694d2ea2417522a60b7,995.04,62.19,16,17
8a43128d7f9a3db592b866e6861a6cce,990.60,330.20,3,4
7ecef8194babfec876ca720714327841,990.50,141.50,7,8
d1582f4043306e6b91afa6a8a884f898,990.00,110.00,9,9
6025c79c035c3d772133b8b8238463b2,989.74,494.87,2,4
8fdca8e349553f99bc738833a62c8802,989.34,44.97,22,29
edd066cd02126d7800f9b66e980e9931,987.70,164.62,6,6
e84ad2127668df3aafc6b73531a0beb8,987.00,51.95,19,23
77dcbb67ccb3659bd58eaf5661560a30,984.00,492.00,2,2
7a9c12e235c36247c3c81f50d6ea9cea,983.90,196.78,5,5
325f3178fb58e2a9778334621eecdbf9,981.70,27.27,36,46
83645b1645cdee8953ee54c29ceed564,978.90,69.92,14,14
e0eabded302882513ced4ea3eb0c7059,978.40,122.30,8,8
a99504ac23ed125aaf5302af6cc30af9,978.00,978.00,1,1
8e670472e453ba34a379331513d6aab1,975.00,975.00,1,1
3f2af2670e104d1bcb54022274daeac5,973.60,162.27,6,7
c1ed9e3daf6154542826a6996af0fb8c,971.25,107.92,9,17
ef2fbc2b607d8492bcffe657a4645434,970.80,48.54,20,22
528bcf6680c36dddf07620bd35b33a6f,969.98,484.99,2,2
3c3017960b2dbd72711a61f0400aab8f,968.80,96.88,10,10
9261d76c62caaf0b24677c2ceb7f8f20,968.70,161.45,6,7
9e9b539eb2806acee3f5c28085c1db9f,967.00,322.33,3,3
b19c48688808720822399ffa9f2dbe2f,959.99,959.99,1,1
05730013efda596306417c3b09302475,952.00,238.00,4,4
05a940b4ecae36cadfd8e93bd9c43257,952.00,95.20,10,10
f0e103c63864d5405b958d984b6e94c9,951.70,86.52,11,11
5b2e94f2c22b39ccc24d34ad0f669672,949.78,94.98,10,10
07017df32dc5f2f1d2801e579548d620,946.49,118.31,8,9
4f1f1c8666cdb6442f775c4e8caed465,944.98,472.49,2,2
4e06067cc08b3f41d837768d392c3ee3,941.72,30.38,31,46
6cf476a4ca74498db55cbccdaa9dcfb6,939.93,156.66,6,7
69b5eaa096c3f9d1e5c398c597f567d6,938.00,469.00,2,2
79a679c36c08d606b3fd47ead9de109b,935.00,311.67,3,7
db46ca7bce82b11f7e247539271fc390,933.97,58.37,16,16
3d621842b2ed28e2b474132480edac3c,928.91,92.89,10,10
4ebdc7e6cd6102a022dadc49156d4ea8,928.70,32.02,29,32
c8025364abeecb115431bf95c11a747f,928.00,464.00,2,2
bfd938b22bc99bce1ae60dc602889f52,922.80,153.80,6,12
343e716476e3748b069f980efbaa294e,922.60,54.27,17,24
2d42ebcda99fd55f6f4bc2f1ca035d50,921.50,92.15,10,11
670a9dda115b5a88b18cfadee8de2332,918.90,83.54,11,11
7d7d2b7a51328016102d4528c411d630,918.80,131.26,7,7
1caf283236cd69af44cbc09a0a1e7d32,917.60,27.81,33,37
dc7192adf8ba09569261f4a8d576afe0,917.00,131.00,7,8
e9729944ba65dc3ce425e0c5a22ae7b2,916.70,229.18,4,4
08d2d642cf72b622b14dde1d2f5eb2f5,914.00,53.76,17,21
32e5635e63cb374eb63afdd242fb6134,910.00,910.00,1,1
70849ca4f400aaabb62cb7462a6f1428,909.58,75.80,12,12
3f9c56764fabca627406093dcb3ef0b4,909.30,129.90,7,7
973f21788dfab357250f69a8dcb7ddee,909.00,90.90,10,21
e5cbe890e679490127e9a390b46bbd20,908.99,454.50,2,2
9198786624eaeb375793215cad26cfa6,908.30,100.92,9,10
4a1f694197d05fe70026b016a7316b41,907.77,64.84,14,23
e250d617a0ad591ba9bd663e584a895d,904.12,113.02,8,20
ae45df84722b1d15c5f32b23a095746c,901.83,100.20,9,12
e1c76f339ebd5460999f25a2aa8c92c5,899.90,899.90,1,1
7dc9a3355bae96dd82008b313d3a456c,899.00,899.00,1,1
e51f22821f0c12a16ad5c020cdcd55e9,898.71,224.68,4,4
1961c3e1272bfeceb05d0b78b5bbfdaf,896.00,298.67,3,4
4ef4c39cf3c24f326434cf0b2e48046a,891.00,111.38,8,9
f8201cab383e484733266d1906e2fdfa,889.00,88.90,10,10
160e4f13fd3a64b1b86807be88b5ffb0,886.00,221.50,4,4
e1dc0754bada9ee4cfe9713f22f61292,885.00,73.75,12,12
ffad1e7127fb622cb64a900751590acd,884.30,88.43,10,15
6b9b80d53ba3676eafe60268a810b5a1,882.70,88.27,10,10
48985c61529077fa4f1e38bcff0f2ed3,879.30,125.61,7,7
e644cbadf7eeb30d0d29f335ce7d52ec,878.90,109.86,8,10
134a288e7de827ec5ec62e3ec9c3a295,877.45,97.49,9,9
68f86ba270525243e68ae74044f992b9,876.50,79.68,11,12
1f867308a0ce13133a4e639ff4de0c02,875.10,125.01,7,13
cac63f48c38cd7d002a7e846dcd99a23,874.00,87.40,10,10
efff9341f3f8f5237b44ff67ed36a7bf,872.99,174.60,5,5
9c690ceacd5c66731bf443ea810195cb,871.80,87.18,10,12
bf00385a5f7fc1ef39a13c2e9ee50a5f,870.30,30.01,29,29
eddd1991bd6d9309995a480c39b95137,866.00,288.67,3,3
557f22c76691849db52d2abccf0015d0,865.86,66.60,13,14
400f221ab83037c0ea78f1267da9624d,865.00,865.00,1,1
ab3e0c171fe84a7ba7de130f19cfb485,863.42,123.35,7,10
a67780aba9dd436e7ac0aa1f889e73ec,863.00,143.83,6,6
41da412d33e8da4f22baf55cb1bde82c,862.90,57.53,15,21
20cb7c2fde3e5bf10f0bbe7394e1c6a9,861.90,26.93,32,51
6a8a889bde935bafa76d7848782dfaf9,860.82,33.11,26,30
c4fabeea6e569d42d02993bb1f4f1cbc,859.30,78.12,11,11
2c43fb513632d29b3b58df74816f1b06,858.00,286.00,3,3
e8dba4d70f7f2b20e775d09cae01142d,855.91,95.10,9,9
0aa124728afc1131dff5655f4c6f487b,850.92,425.46,2,2
f783a638e9c6af4a7d0dbfde811e7a81,849.80,169.96,5,5
1099a00e0ee3a50935e6c2447ca090c5,849.70,283.23,3,3
010da0602d7774602cd1b3f5fb7b709e,849.50,849.50,1,5
4221a7df464f1fe2955934e30ff3a5a1,849.50,169.90,5,5
a0d7fbb07bb5ebc3b05980e750db56f3,848.99,283.00,3,4
3dbbce181edfaa4a597ec858c382d2ec,848.30,49.90,17,20
fe1b067411b8c5066e962aa146ccee03,847.78,105.97,8,8
113e3a788b935f48aad63e1c41dac1bd,847.35,21.73,39,48
2dd1fb6f0e42a2243b8a01e40cd41216,845.89,211.47,4,5
2b03ac196f5ed62ac483960fe0fa3b65,843.10,120.44,7,7
ddd51ae8cda92f3995a51fc0f0f3eec7,842.70,105.34,8,25
0791d9fc1e30678ecf03d3e55fa108d3,842.00,168.40,5,11
a1544b9ea0b2390e020537d4daa89049,841.20,105.15,8,8
a3b42d266fa8afc874b909422ce88582,839.40,839.40,1,6
c37b2059d4f90d4feead554e5246565e,839.30,69.94,12,16
6e4f5ff6b086632ba8dcb558fb10249e,838.90,167.78,5,5
82cb9f452fe8334df74b22d37824b431,838.20,59.87,14,18
eba88037e1dca898cd02881f67ced679,838.10,139.68,6,6
b81e3a6c866a764974fe849821abeebd,836.15,104.52,8,11
28f10b1c5e5abb9d4857745bede6147c,835.00,29.82,28,28
297d5eccd19fa9a83b2630071ff105e4,834.97,104.37,8,8
1bb3812d5f0747a3ab7348f199001a10,834.40,92.71,9,9
91543f9849d68d023e17194926598543,834.00,208.50,4,6
c00396cbdd2e088fe4281baa5920aef1,832.41,832.41,1,3
a2deecd5398f5df4987110c80a1972a3,827.43,51.71,16,16
8602a61d680a10a82cceeeda0d99ea3d,826.99,48.65,17,19
1cd9e0cc1839d55516843def5600816d,825.00,165.00,5,5
340636a908b13bbe0f4fb63fbe1d0c03,823.20,164.64,5,6
51e4e89242cbb846c2deff3dc015650e,822.58,51.41,16,16
10076e5788b8ee532724bcd460baf762,821.48,35.72,23,26
28ea411b354f14b1a494be4e79f0ce02,820.00,136.67,6,6
0aa2205ca24f113f4658a5c536667426,815.62,203.91,4,11
63a79f5a7eb5cb48a7e5787b141c7993,815.10,74.10,11,11
daf565f087a52def0fd5c5825b3661bc,813.90,90.43,9,9
dc64d75cc406bb0697be983831430e60,813.00,203.25,4,4
a1bea7061f61f6fdd9a85a6325ba1033,810.95,90.11,9,9
5996cddab893a4652a15592fb58ab8db,810.00,810.00,1,1
17adeba047385fb0c67d8e90b4296d21,809.70,809.70,1,3
bd4431c1a8dfa744b59e1e2a8bc99b9e,809.50,115.64,7,7
14ee35374a7876217954b5fa08e50463,809.00,134.83,6,6
ba5daa4041e1f15cdf34b76e3e18a450,806.80,53.79,15,15
caa9bc43a9fe8cf9c564ddd8a03cc4a6,803.87,61.84,13,14
a72c2f59332659e361d647515c698798,802.90,160.58,5,6
11eac105f3f90a9b87b19c89d91e24f3,802.89,160.58,5,5
ba6b4a237f92479743cf0ca06b67a9ac,801.89,100.24,8,8
253f95b3a0e6983ae18aed49fbc2b845,799.50,159.90,5,5
7a91bf945c6fae0779f1c61ce97fe45c,799.50,159.90,5,5
9c7fd21e0aa159b20da593371f08ff7c,798.30,114.04,7,8
13511db12ac61e2f89c53b72a944a60b,798.00,133.00,6,6
a247197e2e9c19a6a53a6888cb8b660f,798.00,399.00,2,2
365e4bce19bda0082c3d15d83fdb8bcd,796.40,132.73,6,7
5a05a16bb50629ee31afab8a6d4c2674,794.30,56.74,14,15
e3a386fc36e22064434e1fa256f6a9fa,793.90,49.62,16,17
0d4c8269e7f0401201794deef160edd6,792.64,264.21,3,4
52956b80ae65fda598f06f6b9943e7a9,792.00,264.00,3,3
5962468f885ea01a1b6a97a218797b0a,791.00,98.88,8,9
3d5d0dc7073a299e31fa718ce1bc00b6,790.70,34.38,23,24
134b867a0f7f8bbe6abf10f91874891e,789.89,789.89,1,1
f9eedec3129e8cc6b6429c42d0808c5b,789.80,394.90,2,2
ac6417315ae5da8f9a38ee11de6f7780,788.90,98.61,8,8
2305ab43e846518f58dd9d59f3f54e96,788.89,262.96,3,3
4c61e37f664c3c88aff092aa5ac779d7,788.31,112.62,7,8
3492e68f37fd1df87f4f2f2ea247f445,787.86,98.48,8,9
da03c298e3999e9d828591fc2179d109,787.70,196.93,4,5
1cbd50a8c52e6cf8e315c5709fab386f,785.97,87.33,9,9
9d681c7e12db302cb261e721040dde65,785.60,60.43,13,14
9535a841eecebed61a9fb1ac1cbb5597,784.90,392.45,2,2
de09d00cfc265b8804c7df34075a68fa,784.00,261.33,3,3
5f06030071324cc52bf0304014ac7234,783.96,195.99,4,4
d4f117125b59ce73c3302f88ee40c458,783.29,46.08,17,17
ef30892870c278497523264be1be2241,783.20,87.02,9,9
52a52b9f656520e99716f5bc40f661c8,783.10,111.87,7,8
41c2bad7229b0c25e6becf179ebf63ff,782.00,39.10,20,23
11742f81550ac064cc9a40f67151d9ad,781.90,390.95,2,2
70bf57d811208f8923b41bbd499a67a4,780.80,111.54,7,7
e560e4022d8f7aebf155db95946c5c0f,780.00,390.00,2,2
cb6c9f5888a7a090c75beaf615925792,779.89,70.90,11,11
6524b847b982cd56bb5d4b02b776ee42,779.80,779.80,1,2
4deebb3199eeafb282ae33229144f94b,779.70,194.93,4,5
5a413ade68e8f8d93071a7f52a64cb9e,778.90,55.64,14,14
d66c11a9572221d92fbb8c4897db5f9b,776.56,48.54,16,16
71271995e85f5b8530be99ed54a91b89,776.00,97.00,8,8
74636e24f01da9268b0ed88dacd8513e,776.00,194.00,4,4
5c3460cd3e8a984382ae254e7dd20d9f,775.76,86.20,9,10
d9442042130b7fe579d1295f9f4a248f,772.16,40.64,19,22
25be943a321c8938947bdaabca979a90,769.00,153.80,5,5
0ff83046c3fa22efee8ecf291888b191,768.90,76.89,10,11
4a1917ef994878940e1fb03eeb787ad7,768.00,384.00,2,3
562f8cfc51f265411f487d07e9c40e7f,766.92,58.99,13,13
80f2cf9abf6b5a0e5c612b5eea6646e6,766.08,109.44,7,7
6f83d9e4da896daae20b9b6b2d3ff8d2,765.19,69.56,11,11
0b36063d5818f81ccb94b54adfaebbf5,765.00,765.00,1,15
5acd070dd3fe441bbb2ec1f1ede515ee,764.17,109.17,7,8
2063dd1b9f568df1c16741ea7d3e6adb,763.10,254.37,3,3
39c763cca83e654764b7a4a650fb9b7c,761.00,69.18,11,11
a56e351445e5863fc8960640ba9190c7,760.92,253.64,3,4
ca77545ca4d2dfd1431bf61334e2fa3c,760.00,126.67,6,10
ac51cac5e20d69ff485a54746488ef48,759.90,189.98,4,4
7c51de0ab286204ce75ff42bf7c10d92,759.00,189.75,4,4
458c6fa920810ce2492da71bc26d9eec,756.76,378.38,2,2
312ba1d77e9c332ef21f9598b7f64cd7,756.00,84.00,9,10
cf654707ed6a99f112c7ec3d6f314b8b,756.00,252.00,3,4
21c62b998a043ebe31161d38f84929fc,750.49,187.62,4,4
61c36f0fc4a47f9532e5512b66668e62,750.00,750.00,1,1
9dc79dd988ac42f4d56c340d7048420a,749.60,187.40,4,4
87d3c3aeb3ead335511b3ce315eb341e,749.35,49.96,15,15
fd435faa3c0422b60440ea3480d0e77c,749.00,749.00,1,1
191d55f7edb8524d525ed01b20fe32e8,747.00,249.00,3,3
8d46553a36e68f95350a200c12f8f2e2,746.60,57.43,13,16
c89cf7c468a48af70aada384e722f9e2,745.00,53.21,14,14
ba6ce6de456f6c11d08c17701ba5c26f,744.35,124.06,6,7
e8a85b5f3df47be0984c55fd4064dbb4,743.00,92.88,8,14
6e864f5c4669eff3d98140a07cc50202,740.59,56.97,13,13
2ba91c7ad80ff88b23b7db823b43c233,740.40,123.40,6,6
5bba18b40e8c973b0f32e748004775b0,739.98,739.98,1,1
c522be04e020c1e7b79f3acff36513d5,739.93,105.70,7,7
8a40ae794fa3f9892cee24bd5af0488b,739.85,123.31,6,6
ba6b68b55fe8704377a7d43c8e5c0185,739.77,147.95,5,5
6bb62a4912377c7bfe7cb17b406bc7e6,739.52,184.88,4,6
8c91bfea4263b8fba54081460693e2a1,739.00,369.50,2,2
e73bf2cea7fe4b0b4d287a7568ed1099,737.70,184.43,4,5
89dda63a3c907c468ec88c310ed91213,734.99,367.50,2,2
4200ddf1967c5e41e48db62bc6d4b5ac,734.80,33.40,22,42
56db5c0782e8f7ddc9343f9576ff6d16,734.80,367.40,2,2
6e1862e15f33d9994bc25922a85e1efc,732.49,91.56,8,14
808d4348b916efa08e766ebad39f61eb,731.10,34.81,21,21
33cbbec1e7e1044aaf11d152172c776f,730.67,48.71,15,16
da4d149c0ddbac90557103ac0a0ec356,730.00,730.00,1,1
014d9a685fd57276679edd00e07089e5,729.88,66.35,11,12
7210cd29727d674c00741e5e387b3ccd,729.09,81.01,9,13
da6a60cc8cc724fe51be021ff8be779c,728.79,60.73,12,13
aac51c486b672a9850d59f3e84b1cf88,728.28,72.83,10,13
8132b9bd16876e1b0f8808d43825dd48,727.90,363.95,2,3
f19516b9ff26bfeb091b30108db4ddbd,727.60,145.52,5,5
d29ba1220fb8634fa3a107e54497b8a4,724.94,80.55,9,9
fe1bbc5feda5c8979a8a1b3b2512d5a6,724.72,80.52,9,10
6d22a1fcebb6dd08c9cd90b92a93e8d0,723.70,60.31,12,13
d9e7e7778b32987280a6f2cb9a39c57d,722.50,65.68,11,13
07d75e33f2750d97d467fb57e4dfdd8a,722.40,361.20,2,2
c8cc60ffd415254af5d9b9f34f32c369,722.20,90.28,8,9
b16d3dadc47d4eb18be3d88bad0775ce,722.10,72.21,10,11
94231344608e603693b0a8891143f65d,722.00,240.67,3,3
d79e8478eed9999493990b44955fb22e,721.89,144.38,5,5
68ca56ce86830f3d31b1b7ec6a54da3e,719.59,119.93,6,6
07de60b03d150fb3ea09eab5da5e4c8b,719.10,79.90,9,9
75a4764c108403a7a0575140cb22287c,716.90,143.38,5,9
d558ebe531605a1285ab2b1bc3256dfb,709.00,236.33,3,3
024b564ae893ce8e9bfa02c10a401ece,706.40,353.20,2,8
e21a1e8be4715b0fcfd5385643bc49c4,703.60,33.50,21,24
18e694e0e48ed6f7aa3f24aade5fd697,701.54,22.63,31,34
39d61be7a92eb77b7da367bd4845bc0e,700.59,100.08,7,14
3ef37b7ca6dd2b80bd8af81a62504996,700.00,350.00,2,2
328acb143b4a73aad6bee8e734f5d20d,699.98,349.99,2,2
1b4b28463457a256e9a784ebe2a8f630,699.42,699.42,1,1
59cea8e446d3834393058e7e0666b6fb,696.60,69.66,10,10
c7fdb77fdbff3c41981bc52f787e959e,696.32,69.63,10,12
0d83f8e03188682112cc0d93523705cc,696.26,174.07,4,8
1352e06ae67b410cdae0b2a22361167b,696.00,174.00,4,4
fac35d150712afb921ec59ac5f39bb11,696.00,139.20,5,6
83d7070a0b9a8b4625fa8682b819fabb,694.77,347.39,2,2
73b8eb4a9a729d4019b24ed1be748cbf,692.41,86.55,8,8
b4b447d715f9ab302a188fb43d3e96b3,685.93,137.19,5,5
b2c97074649f92197d9387d9033dda5f,684.71,68.47,10,11
4e6015589b781adaa5ce7f1892d06bb1,684.00,228.00,3,3
2fb25ab44bdbeae6a4d816e0d0c9d500,683.08,136.62,5,5
9aa388272ee334b6ae07bc73706e254a,678.00,113.00,6,7
d9cd369bffa979d1634f8e1318bf2f1b,678.00,226.00,3,3
89a51f50b8095ea78d5768f34c13a76f,677.16,67.72,10,11
a513150f33f99a06569e9cd5c4bb889b,677.00,338.50,2,2
6861de0f40cacb0602e473c51639f980,674.00,134.80,5,8
c6218512d16fcac0af02fe92691cf274,674.00,84.25,8,8
8c0de775f52fe41590b376a3b7c50f68,672.70,74.74,9,9
7354220fb240bde543b3c40c060d41e7,672.00,96.00,7,7
e4ebd3f87bf70440014f07ddda7fbe03,671.50,95.93,7,7
0a85ebe4e328db81ac9109781205e2f7,667.90,55.66,12,12
6824a69c9ea0313eba299dd4a2dba09a,666.90,111.15,6,7
7bcd7c5f8631701474db233ccf1c094b,666.00,60.55,11,11
5f7300535881cef3b625fd683cf7d145,665.98,66.60,10,11
55c26bcb609f480eb7868594245febb5,664.40,110.73,6,6
bdae679a9b282249bc23b9b69dae9a99,663.15,110.53,6,12
1430239a858e7682bbc43b20758af153,660.79,36.71,18,23
49383af7ab774e4e8f3000f49c83dc4b,660.00,82.50,8,12
299c89a525fee36c567f4fe72f038100,658.00,329.00,2,2
525e75a6fb1454a2325ab1734bcec221,657.07,65.71,10,11
b0398568231ba5e6734af1881671a317,656.77,164.19,4,4
c447f8dd3ed213f291d65ef074a268eb,655.00,93.57,7,8
b7cc6c5e001441ae8cdd5c69a480cbe4,651.80,108.63,6,6
cd3d09fbe6e3e9ff0c0ac0c300e93ae7,651.04,54.25,12,12
5d043cd5512d4bd2f88e5ccdd5736c38,650.00,650.00,1,1
43402bdf22aa2310e8f99e2f94f78628,649.95,162.49,4,5
f435898e493ba0356019a0b1cb8b55b1,649.76,64.98,10,12
236585a4ddb5fea9fa40233e2249ed91,649.53,59.05,11,11
54aa8463e87776b5612f4bdc4bd5d4de,649.30,92.76,7,7
9cad4b68bb993ee401a3c5aaa2bc26dd,649.30,129.86,5,7
95b293867b5862941c9cd74f756a3c68,648.10,72.01,9,9
b26741d31a563d769b4af0465ab20c56,648.00,324.00,2,2
72c38a04bd6a1c3dbc5298425a0db86d,647.30,161.83,4,5
2aa3443d7bf9d9bb11133f420d75e083,647.00,64.70,10,10
13f57c12a00ed4610db646b913a7f5c6,645.20,92.17,7,13
8d899e15a5925f097cca50faa49b15e3,645.00,161.25,4,10
ad273c9eb54ecb4532de4bf75bae9e4e,645.00,64.50,10,11
f3295428338a40977a03f555246a70f4,644.98,92.14,7,7
5882f40daf39bc2a465e0cb453ddc222,640.00,640.00,1,1
bd1d49a326abfa9b1036772e40445430,637.70,53.14,12,13
bc503e244f187939d10c92a5c8e378ce,637.67,91.10,7,16
7b98de631987e26dd6d803490c43a13c,634.20,79.28,8,8
385799a1cddbd26dfeb9157356a42282,633.93,126.79,5,7
be8e909810184b9b19e886129149d8e5,629.85,41.99,15,15
c33a5c3c983090c8b78a28e65052a20d,629.10,69.90,9,9
685b870da5b52a710782c9c0fefbeb5b,627.00,313.50,2,2
8759e7aedd644f487315e5860962f162,627.00,209.00,3,3
0570350b23eda5444f8d1d9544932058,626.90,104.48,6,11
d8cf3b6a2151949f930d0252b180ec42,623.70,103.95,6,19
3969863bb8af7f72580b3b1ffd3a17b3,623.15,51.93,12,13
26bad72add1f86e08a776ce4ffdaf1ca,622.00,88.86,7,7
b5bb2b985208834bd5bd86c7a402bbad,621.06,310.53,2,2
6b15924333bd1a741595fe981ea04822,614.32,29.25,21,21
b0b346d3a89f5eb4c2968af3f083cd43,614.00,55.82,11,12
1d29dfba02015238dfbe2449a5eaa361,612.80,51.07,12,12
b44dbfbf62e52125f3c15d230569ea91,609.37,152.34,4,8
3d3ccf2b2f8134b10dce9dd446f0e075,608.60,202.87,3,3
c6a7539d424a8402232c2228d7a03c5e,607.50,60.75,10,15
2059c39f76271d4ca3f15b5ffaccc8b8,604.90,50.41,12,12
aae5e7b457a3c72ee230a47d98fceda5,604.80,120.96,5,7
5a6a02f419701fc8c605af71d4fc57a4,600.50,60.05,10,11
6179a28a13a726c29b3bf54c070dccab,600.00,300.00,2,2
1588ac4010787100dddef64568f0ae35,599.97,199.99,3,3
8e29d051f810eb22959ede205b462b9f,599.80,299.90,2,2
ad8ada0ffa993cb1197d102d9ab21a3e,599.80,599.80,1,2
3be5841cdcc46de4ed3f9116f104b2c5,599.60,149.90,4,4
53336f97ddbe53e2a617d07b17447b95,599.50,599.50,1,1
262237171f48e85819065498cac80d7b,599.00,149.75,4,10
d94ba08b99bedd6a5f6c875ecc4a6fac,599.00,66.56,9,10
d0d70d21e2234dd7cd3cf63fe414148a,598.40,74.80,8,9
638cba8be1fb599bbb76fd6948351eb3,598.20,35.19,17,26
8bd0e3abda539b9479c4b44a691be1ec,596.55,85.22,7,13
791cfcfe22fe4a771ece27f90017da92,596.26,298.13,2,2
38e6dada03429a47197d5d584d793b41,596.14,85.16,7,12
11938fcc75f6902fea1d0a6f72b54a57,594.98,297.49,2,2
3d68c634a99a1ba46dbca3967a69c623,594.00,297.00,2,2
eebb3372362aa9a46975164bed19a7e7,591.92,84.56,7,8
6e0908ef4d4efadbc3cc2b74ea477cb0,589.45,73.68,8,11
768a86e36ad6aae3d03ee3c6433d61df,587.46,34.56,17,17
6e4a902d1054e4e17aa6eab87fac1c75,586.57,83.80,7,8
b274baf5bbd142410eb2958cf685d684,585.90,83.70,7,7
bf961104a38e01b9062ee026bb657dee,585.56,146.39,4,4
851773c885feb5e2da3b4f82bc2b17ce,585.30,58.53,10,10
70b52a4cfc823994561b00bad161b4ed,585.00,73.13,8,10
83353a83fd769dfafa4f21a72b15e3e5,579.50,115.90,5,5
be3b4b0f050a6aa1b2d901c4b77e979f,578.20,192.73,3,8
f524ad65d7e0f1daab730ef2d2e86196,578.00,578.00,1,2
01c97ebb5cdac52891c0ed1c37ba0012,577.50,64.17,9,12
5ef131ac72773e5b3f6c0d63cf424657,575.79,57.58,10,11
ed8cb7b190ceb6067227478e48cf8dde,573.50,38.23,15,17
26af45f5dfd967225a832838aa4e24a3,573.10,57.31,10,11
4e326052e5dbba8adcd512f3450a307e,570.00,190.00,3,6
9599519be538b98748162a2b48248960,570.00,570.00,1,3
a35ef466c6fd6d052f5d241240d3c5e2,569.90,189.97,3,3
3f9be91358837bff69df67edfa3e42e8,569.70,81.39,7,7
a254c682cc01e119f83530446f1df9a9,569.40,94.90,6,7
cd2169d9f31ff6fbb9ca3373b0c9e354,569.00,569.00,1,1
4170f6a9367e6b5d6401d03ce6d54569,568.78,142.20,4,5
89ad3263c0931c47f976d7c5778e60f6,568.20,94.70,6,6
f52c2422904463fdd7741f99045fecb6,567.79,47.32,12,13
b7ed9fb14c8eadb37adb9c45d67ab0fb,566.00,80.86,7,11
2f74af7a0ee5636f12c2336f9fffed47,560.70,43.13,13,13
5f5a58930c3c35f3b5af264f34fb8c85,560.00,186.67,3,3
6dc9bec584588412a6a338830946a3e4,560.00,280.00,2,2
b12cfd255810394b60caef18ae163547,560.00,280.00,2,2
820c7c9eaf76d2b226b6c242bcf3f34d,559.00,559.00,1,1
35b96509602ec4b7da831b5cd73ff2c2,558.90,279.45,2,2
6eeed17989b0ae47c9f11ece6f38ea90,557.00,185.67,3,3
48fb026ed7455a42f5d3e9390ed5088e,555.71,50.52,11,11
8a207b6080964f3c1fc9d35bd6096ba4,553.70,276.85,2,3
74871d19219c7d518d0090283e03c137,550.04,91.67,6,7
eb9cd5b35d95206585e2185318cb5c61,550.00,275.00,2,3
bb2afe2061d53c6968aa0cffa233a8ec,549.40,109.88,5,6
e433f5fd4050e3352b5d83522b7fe24b,548.06,548.06,1,1
0d33a55da925bbf1ff02af5f6059fc7f,547.30,24.88,22,24
6c99c983ce3b6ba0ab813e6790e81691,546.75,60.75,9,9
9c1c0c36cd23c20897e473901a8fb149,544.97,90.83,6,7
af7cdac9d9897cddead9c6b08976c642,543.54,90.59,6,6
4cc4fd4fdd406a85bbdc1f824b731bd7,539.98,539.98,1,2
228e4c1a0be164f613d41c24345f9d2c,539.70,107.94,5,5
6c17baf138731a4aaacc3210adf2037b,538.80,134.70,4,5
08d1c9478fb0d7d7fcac9c0da4e82fc7,538.00,538.00,1,1
79ee721b6f766066a80264402548d359,538.00,269.00,2,2
ff314fa6033cc68ec451c47aee2d6ba4,537.90,268.95,2,2
1fe61aa5494bd3ae92a2c13e067c810f,537.76,537.76,1,2
cb9fb4ca75d7ba8437480e8dde64fe98,532.14,53.21,10,10
1f7fd2a6fcd5a6fa5d8a4dabc72aaae0,531.80,177.27,3,3
6650fcccd8cd2f7e55ffa524f30c4c59,529.70,176.57,3,3
2e7ea2aafec5835e781b21d6d1faf1f1,528.40,75.49,7,7
7402d13c03a7e91366337cd1de471144,528.38,132.10,4,4
6879c4d287a8dd06b11f54ea8f78e4da,527.67,87.95,6,6
979e9f8b5b39dd243a2550c8b05aecf0,525.00,175.00,3,4
3968920b9aa752ab98f7d5888c9252f2,523.30,65.41,8,10
02b72cdeb9cfcc429f1af6f4e3f3b737,522.65,130.66,4,4
6e13dd869aa7185f601c941423abcc8f,522.00,104.40,5,6
c026ef0d72e9132d9fa112308090c8dc,520.00,520.00,1,1
fc59392d66ef99377e50356ee4f3b4e1,519.99,104.00,5,5
f9ec7093df3a7b346b7bcf7864069ca3,519.20,57.69,9,9
d197aa8fbc64087f61984deef05f6227,519.09,86.52,6,7
b6dc74ed30f124f95227bed4e43a3bed,518.96,47.18,11,13
ff4e2d38692ce827b1a4f4b8196e680d,518.90,47.17,11,11
a7dc4098e4da6e41b426269d12ae7e91,518.00,259.00,2,3
3296662b1331dea51e744505065ae889,517.80,517.80,1,1
7e79d65b5c6f1f544b7daea036acf720,517.80,129.45,4,4
9e6967d3cf386d284251784b18ccb485,517.67,57.52,9,11
64cc804291f90c81f02bfc2bb58ff55a,517.60,258.80,2,2
1d503743d2526f03f0c2c89540ee008c,516.04,43.00,12,17
b87a7ea0c30fad2dd6781b74a0064859,515.40,57.27,9,9
a06c8ff043abea0528ee44171e2140a2,514.50,64.31,8,8
c157bdeedcbc9a8e3c8bf0d87ff24428,514.27,73.47,7,10
7e959205cebc10adefcb331f934238a4,513.90,256.95,2,2
4a82168aaef173cbb6e46ae88728f919,512.00,128.00,4,4
c84592044b180dec206770c38603814b,511.94,34.13,15,15
2b2fed75b8e5ea3a052fc4c0825da485,510.90,170.30,3,4
c3aad7dc65449ae90a5e9c3c6c1e78e0,510.00,85.00,6,6
c53bcd3be457a342a97e39e5a9f0be22,509.50,101.90,5,5
270d3ef21830ad0ecf3a6c53d08a533a,509.00,84.83,6,18
4be6b962d83299498bae2190f95d6566,508.80,46.25,11,12
f650a9708fa1bab22bdd8d3a818cc415,507.75,101.55,5,5
33cbda8716511e27e556dff9d8418bf2,507.40,101.48,5,6
5e49e3a44bdeb5aab2684258bbd4f525,507.00,169.00,3,3
3ea00e1dea2b0659dbaf654735929220,505.00,72.14,7,7
e627629ba868740e287800f1a9be81c2,504.50,38.81,13,13
2493dc3f20131696a0ecdb9948051a8d,504.38,126.10,4,4
20a7efa9721046319bdde5d60b6b5365,501.20,167.07,3,6
39a5005f2605cbdb4f9ac14485cabfd1,501.07,167.02,3,8
28fb0829fd777877cdc350d25cb5bd5b,499.60,124.90,4,4
97e995629983723d11830a829bc2b246,499.50,99.90,5,5
13c2ed7698b3ca92dad49e849219da59,498.61,62.33,8,9
265fdc289dffa9f1ad801c74f7d0de47,495.00,495.00,1,1
ccbd753e6863fe7314dc6c0ca5a074e7,495.00,495.00,1,1
e59e489e2ea74bd409b798b5daf49de3,495.00,165.00,3,5
c458e2045a8aa8964f8879af03fdcce6,494.91,123.73,4,9
fcba71d4d5db057f43249145e4eb1e27,494.55,164.85,3,3
c286ec035ee04ba81c97508f0b5df544,493.00,246.50,2,2
0951a6e282947e09cd47969f4ed0b47f,492.30,70.33,7,7
e601b04acf48b4576e73ddca9481f0dc,491.94,32.80,15,16
b9c0ffa92f3ff9a5a3d45ef7213c0842,490.00,163.33,3,3
64b87978a11c1ea7501a89eabe8c2c1a,489.93,69.99,7,7
7816cd9c5b1238e320545f5bf7eb80e8,489.00,489.00,1,1
d65f31d2413268e671989503f6cf9993,488.80,244.40,2,3
f88adb15807168d3c43d71021090ce4a,488.80,162.93,3,3
09bad886111255c5b5030314fc7f1a4a,487.50,97.50,5,5
6219ba2359cfb97f2e38fd4c321eb309,487.50,81.25,6,6
83a75eea11694e36e56dd0cb2240229a,487.00,162.33,3,3
b3f19518fcec265b2e97af287725f981,486.91,54.10,9,9
6ee85be3693ed79a8e80718743d80655,484.50,53.83,9,13
c7a0a13cbcf29d5ce51c8f80afdc0b89,483.08,60.39,8,9
70c4eedec9cb4a85cda2f3f9673557b4,479.80,239.90,2,2
c1f12f926d0ba950578b4fa41115cbb6,479.60,239.80,2,4
0c7f30ae9b147eca07affbef92832a6a,479.50,95.90,5,5
32fdd5d44ecb43dfd6a24b9369eca144,479.20,59.90,8,8
bac692d6c0ed08467878018e6cc9c26c,477.00,477.00,1,3
f1198c871e0171278b63f40d112caeec,475.80,237.90,2,2
29e6e05b65f93bc224c644319dc52ecf,475.60,118.90,4,4
768de2a4fc06aacecb9a586ccc30746a,475.60,33.97,14,14
e1b12447a7563944843191754aeb5562,472.46,52.50,9,10
e3dd723429d1b23614b7fa85e2c7a853,471.05,67.29,7,8
2953ce3a88f5e3c3b696d77fc9e4c8eb,470.00,33.57,14,15
8fec2e460530482132c436cfb5439925,468.46,156.15,3,5
038b75b729c8a9a04b0d07cba7eabe86,467.00,233.50,2,2
c42fd8e4d47dfb18ce5222f2dd7752f9,466.99,66.71,7,11
9fc70243fb26800cba56e8f014797004,466.60,77.77,6,7
feb793c88d836c3a75efa4b5a3465d70,466.00,466.00,1,1
2c3d56f92f360fb89d849b84e8f50eae,465.60,58.20,8,8
ee2fbacc2fc3794e656cc4d933d59ce7,464.97,232.49,2,3
651fe66032c9520ee5587f694908040d,464.00,66.29,7,7
40536e7ca18e1bce252828e5876466cc,463.96,231.98,2,4
0a82f5fb06a4fe4ac2cf7cb412ec71b8,462.00,231.00,2,2
cb0b3bcf14e0a709df412a99424a59d7,460.00,230.00,2,2
aec99834ab5d38ead22766ada8497e87,459.00,459.00,1,1
8b2d4ab22f42c5cfc338b846decfda60,458.00,76.33,6,9
dd88d13bea9e4c2bf47daf224f8141e5,458.00,458.00,1,1
c7dcd301ecfe5ab7f778ac172cf74be7,457.69,114.42,4,4
38102b031c2a15e54623d711bfc753d3,457.00,50.78,9,11
e546117ed9cafbc40239c0c78635c584,456.00,228.00,2,2
117cfc326c6d50da67ca858ff5c0c852,454.60,90.92,5,5
35857757f553273b1056c1cabdace7fb,454.60,75.77,6,6
b248792ac0b60ec3f93d80af1b4fae47,454.50,64.93,7,9
55029529919c0123526150bd26ca8f20,453.95,64.85,7,7
fc4751cfe3b279c419615b9b00c1abb4,453.70,453.70,1,1
7994b065a7ffb14e71c6312cf87b9de2,453.00,90.60,5,7
e5899683388855d3dabe8913bbe365de,452.88,150.96,3,3
777a0c55737f34ffeb78010f7542ab41,452.50,75.42,6,6
eb5b6204dde3a6e03b5f1bb8479f055b,452.20,23.80,19,21
08f5819815f3d06545011850bd70f0a8,452.00,150.67,3,3
4de6e4ba574aa9dfdc824bc44dc47fdd,451.10,32.22,14,14
b98b715fe9e276204e2a3464f48cd796,450.58,75.10,6,6
101a3a003516bc11253298b2fad3cb65,450.00,90.00,5,6
968ee78631915a63fef426d6733d7422,450.00,225.00,2,2
d90fe2229fee1a5da999ccd0c06c1667,450.00,150.00,3,3
bbaff50f3b708fda865918715276cd87,449.70,37.48,12,16
a11a0e0ca67423425691db355cff69b0,448.90,224.45,2,2
3d0cd21d41671c46f82cd11176bf7277,447.80,49.76,9,11
5e106d93b717c2682b9383da480364a1,445.90,445.90,1,1
a5bff0f43eb51f0cad7c37fac7244c8a,445.00,111.25,4,5
6c1b6d0c604b776f844125f911eb7377,443.06,88.61,5,5
d4e4b5192cba4e0e66eb12a9d347239d,441.80,36.82,12,12
f22a247b79dd22ecd91dc8e3b2a1b07c,439.94,54.99,8,8
64c9a1db4e73e19aaafd3286dc448c96,439.00,439.00,1,1
c3251e13f1bbda6c74e37c160f991e19,437.80,218.90,2,2
b29d3380981c51df13fc6fbe87e1763d,435.30,72.55,6,7
98115075dd26cb8835946fc6086f5d30,434.96,108.74,4,4
26d6bbee02420494d471c9f6436929c0,434.51,36.21,12,13
c0e6839516f5398edc34adf5f1d53d1a,432.92,144.31,3,3
4e480be820e37de1444325ff358c9296,430.30,430.30,1,2
f7df46c1e0ec44eed5c6726478da4a17,429.70,143.23,3,3
939e6227d6964a11a70aa91243e418f2,425.00,106.25,4,4
a45314082d50d578a4721c9787ce09ab,424.90,212.45,2,2
dc50afafdfa325eadc890c7fa42a8f4e,424.20,106.05,4,4
b080809eaacb49e5ca07290981472431,424.00,38.55,11,11
acf974e4d5950ad143a247471b831eb9,423.80,84.76,5,12
41e0fa5761c886a630994a55c12087e7,423.60,84.72,5,5
7c1fea10b5b006671d608b1d7c446ec4,423.60,30.26,14,14
5dc203c7b84a0e71e878a179de05fb9a,421.90,84.38,5,5
c714262700f93defc16bf17a51a4cb23,421.80,105.45,4,4
9d5604a1f112324ad6b2aa552122e0fb,421.50,32.42,13,17
cc80e2f693fa6e2408f47ccf62413fc1,420.00,210.00,2,2
189ca3538ce9f920cacf0f982cbe223b,419.00,104.75,4,5
6d7f8d9d594e28796b6b3205b00f459c,417.90,139.30,3,3
7b7f91e98f8c6def45a1407923304402,417.47,37.95,11,14
b64d51f0435e884e8de603b1655155ae,416.18,24.48,17,23
a53f60f05f822b5c621a50ff6a5cb362,415.40,103.85,4,6
34a557286ead8fe75c989e0afcf7d98c,414.90,103.73,4,4
35fb511489d9ee3ee27a76debce9df06,414.50,59.21,7,7
ff1e15b778c700abdd4d239b81ac466d,414.30,59.19,7,7
bd149ed516d4c5d418d5781f8e18919f,414.00,51.75,8,9
acb6c2ca5c82411c1fdb88d5fd5eb95e,413.88,41.39,10,11
042573af89b6d931f672efaf789d8358,413.48,137.83,3,3
ead2bab70821ea148476ae9bc08548ac,412.10,45.79,9,9
a35124e2d763d7ca3fbe3b97d143200f,411.50,102.88,4,7
86ff3eaef0267069cc891a2ed9d10a17,409.75,58.54,7,7
5275ca25d0358ca73864e0ae41be1320,409.60,102.40,4,4
f4ce8ca9fa7157e3b33f536ac9a4487d,409.60,102.40,4,4
c3f5668699a1b04c0fa61ecea1e2bff6,407.81,135.94,3,3
20a8b0dc55da94fe74d112082427c84f,407.40,58.20,7,7
89bc797e2e29667aa035d4368f9b7f92,407.30,23.96,17,20
6b803197e03abd5056b4313306b4f29d,407.00,58.14,7,12
4a23adac87cf538689fa600d976f78b2,405.00,135.00,3,3
179d859f51292aac5c10806a356f7af9,404.47,22.47,18,19
ed9eef5be0992d413d251fadba1a410d,404.10,134.70,3,9
5563732abe64c3036cb97ad924128dd1,404.00,202.00,2,3
0ddefe3c7a032b91f4e25b9c3a08fca1,402.90,44.77,9,10
3d01d1c414c44b5943a09619ff3853cb,402.60,80.52,5,5
29fe9f200d3fa0c668d2aa1ec7e08dfb,400.00,80.00,5,5
ceb7b4fb9401cd378de7886317ad1b47,399.90,399.90,1,1
d7485b33791774c36108f8c69602d48d,399.82,39.98,10,10
62d977e2b2aee830de3e039a28490d12,399.80,199.90,2,2
63ffcb71394dd8ea3872ed9ffda17c74,399.00,23.47,17,17
d263fa444c1504a75cbca5cc465f592a,399.00,399.00,1,1
fadb07c842a2aef5d5a676b85f220e71,398.75,56.96,7,7
73da1880b39c71de2b262bc7720c1494,398.00,199.00,2,2
48e954b2da4f6a750c844173b347ed40,397.80,198.90,2,6
c52c644cc0dc85121207a27013efc6af,397.80,397.80,1,2
12a8eb0f8d1cd3270695bf2a99f55966,397.00,198.50,2,2
62760d278921b5f352461620d68a9cee,397.00,132.33,3,3
41b14765bd56c8ad10971074380f9c0c,395.50,49.44,8,10
9b76ad3d04236f76bc71c59470305e13,394.70,197.35,2,3
0249d282d911d23cb8b869ab49c99f53,393.00,35.73,11,11
a2fa0bdc798ee84cdb08281337cf4fb6,392.75,39.28,10,13
bc30de0d71bd6260b936a026b5cf7200,392.37,130.79,3,3
59cd88080b93f3c18508673122d26169,392.33,39.23,10,12
fe4cd9461203cee790d36792420b310f,391.15,130.38,3,3
c13ef0cfbe42f190780f621ce81f2234,390.00,390.00,1,1
8936ba0de1073ee888cb3185ae5dc661,389.99,389.99,1,1
4049512728d969bec69f84088b012416,389.84,55.69,7,9
ea00f977a203ff88adf7057cb7806998,389.72,20.51,19,19
0fe2d9733ed841eb064503920015a8c0,389.64,129.88,3,3
a7ecf689b40a44361e259b28939023e4,389.00,389.00,1,1
c1849d4d32d7a6cecd5aa471809d3135,388.98,129.66,3,3
2009a095de2a2a41626f6c6d7722678d,388.89,48.61,8,12
78ef7e885d17f35e2382a47aae8b8cce,388.00,129.33,3,3
e4fc40017a6d22c46a14ac2e17f87c3e,387.00,129.00,3,3
94d76e96eedd976258cd3278ce56d5f2,385.61,385.61,1,1
559d56f3b8f0bc2e5a9a62fe2ce2a39f,385.00,192.50,2,2
79565f7d5603b24ddf07ade262547f2f,385.00,48.13,8,8
a21c11ec5c3f03e7cc9f9203bff9e1c6,385.00,128.33,3,4
a080fc8a850289b27500f6b49cca2553,383.00,95.75,4,4
ab27bbbad5239bc31a34709275a70db4,382.90,127.63,3,11
933446e9a59dece7ae9175103820ca8f,381.39,190.70,2,3
9853a239ab7b7ebbdc3a21248d5b8e1f,381.00,76.20,5,5
1967a9e2ad6f51802b093147d861df58,380.00,190.00,2,2
f7315bb81aea4ddca2d39e249a801c98,379.80,189.90,2,2
f5b44895715ddfe3087dc414f30268f3,378.80,19.94,19,19
b7ba853e9551f4558440881fd3e5c815,376.80,188.40,2,2
bd15ee794d5e640d9dd71b665b2ab15b,374.80,31.23,12,12
c24173065483e421f9e5e7f599de101d,373.91,41.55,9,9
404e1ba01358af4cd63f679b2c4d1fa1,373.90,46.74,8,12
101921376b577a4540dc30e9009133ca,373.00,373.00,1,1
08084d990eb3f53af056ccbc1730c8a7,372.50,31.04,12,12
6d988d6174a2c27441597174f8905515,371.73,19.56,19,23
0bfd0b434243adc5c2e1aa6baf19c6aa,371.20,61.87,6,6
70125af26c2d6d4ef401a1d02ae7701f,371.20,74.24,5,8
0f0c984a4a955310903b6b6008660bad,369.81,92.45,4,4
131fcb0a0c9a47bba4474aacff0f14b7,369.80,92.45,4,4
916748bc99315c2d202898ae58b1617e,369.40,14.78,25,32
d73cbd89533ce8b041a9190241453ac8,368.60,92.15,4,4
63191ead8d3b2f937cd1996fdcbbad20,367.00,367.00,1,1
ce616e1913288884e7742faac9d981db,365.10,24.34,15,24
499ec63c58e51296c9cf57edcfe1c8a8,365.00,73.00,5,5
f12d3c2a14729ae461b920c11fe20fdc,364.45,40.49,9,11
4e85b538b0dad58852641540686d0e14,361.98,90.50,4,4
35ef5aa32949680f627efec3c23e705c,361.60,90.40,4,5
a435b009cd956ea60748b5cfbddf2e24,361.18,120.39,3,3
76de363de16dacc923eec8daf91df504,360.00,180.00,2,2
b56828a9f9027f3c918c04ca720d9e3c,360.00,120.00,3,3
fa14641f57b655e933124a9ea49cd7a5,359.93,51.42,7,7
03bd479e1d9484cdb14104d3023f7321,359.70,119.90,3,3
184725737946a1a938bbbd1a9e978103,359.70,119.90,3,3
1e8c6a4c538f286aee9573239740a4b4,359.70,71.94,5,5
51209b446b2073894bdc0face6c73ffc,359.60,179.80,2,4
3076499bbc033a927bf4a8a41bcf7fd4,359.33,51.33,7,9
173d56ffbd4c56cb80fc3615487d712b,358.00,179.00,2,2
f44bdc12aa39f5271f0b95f66cd4c289,357.50,71.50,5,7
9dd59e43f0c9f0553244e8f9c2fb247e,356.30,35.63,10,10
24c1de8d9551c0b4fbc53317d53efda8,355.00,355.00,1,1
761681a821d8275bc79f552116d06869,354.92,118.31,3,3
8fd3b4468f6425810648177996c14cbd,354.90,354.90,1,1
9b00cad94ef3078faf6fba2e792c158f,354.90,354.90,1,1
b88e7c57cb2d8b973b7dd4a2bfa14b36,353.90,88.48,4,4
de66a66f2dd06bb9ec37aa96987466a3,353.32,50.47,7,8
b67d6c666e8dce1d078c882825e12704,352.84,50.41,7,8
cbbd5ae8f53de5f5097cd8217b529e24,351.80,175.90,2,2
52092ddbd3a58c450a4459bf051b2287,351.70,58.62,6,6
e53d5b9b29d1218281f4a907ada18626,350.67,87.67,4,5
97e4a63591ca439a2b8b7efd20e6e19e,349.95,69.99,5,5
ad87df7699e83b8a91822a4a0b765c3a,349.90,58.32,6,7
52bb00821bcdd358a5a5a27e1f6be5a1,349.80,174.90,2,2
079d295dcbf06ee8bb1b65ba964eb2b6,349.30,69.86,5,10
27a56ff04b34c2ba34ce6ba4d3b9d616,349.29,43.66,8,8
5c603ffb38cbbf25a0e0698941324143,348.80,174.40,2,2
249f0e9905a6e06ad6c6bea7547ab9f6,347.95,115.98,3,3
0747d5bb69f0586cc869d8af4c50f93e,346.60,24.76,14,15
918717417d88a9f9ae9735567e6c7682,345.70,86.43,4,4
48efc9d94a9834137efd9ea76b065a38,345.60,10.47,33,34
38af8acfd46ac4a7bf754e8ca6736664,345.00,69.00,5,5
a37c340b91cb0169e8b029db6440fba2,345.00,69.00,5,5
26b482dccfa29bd2e40703ba45523702,344.78,114.93,3,4
3985a3c45be355a4c57fde108bfabd1c,344.20,49.17,7,8
7957cac1a02f45d0a4a7e45626382ec2,343.00,343.00,1,1
2a73cba571d90c694b7caca072ccf6ce,342.78,342.78,1,2
b9ec22de23f18567de0e09d776ca0309,341.98,170.99,2,2
89de2d6f23e9746ff309705b23581faa,340.00,42.50,8,8
ae8bfdbf1c2a2a2dee92d799db0a31c6,339.92,42.49,8,8
5ca5d579b5857ee8709479b1047cecc3,339.89,169.95,2,2
a2e85714b56b1cb6bb24a9a6e6cad36f,339.70,169.85,2,3
8fff28c4263ddec387f28d237fb42773,339.40,84.85,4,6
2f4b0d3b9634b647d4edee577d7ebb7e,337.90,33.79,10,11
0743a0239d764b9a0f959a57d07e36ab,336.96,84.24,4,4
4e42581f08e8cfc7c090f930bac4552a,336.00,112.00,3,4
333c4210e76a1aa2ab817b99437e3ff1,335.00,167.50,2,2
a64e44665225d19dfc0277eeeaaccc57,335.00,55.83,6,6
c8660dcf9ba70575f45d80fe28c27713,335.00,83.75,4,7
2c538755f1ca9540af144f266e70df6c,334.99,334.99,1,1
3a3e46d10f74d8a6ca76e2b538f106a0,334.90,111.63,3,6
61b18775be84fb700a6b2d0ba097bf66,334.50,83.63,4,5
7c4618c82226628831613e95e9c22f44,333.93,25.69,13,13
c113b8df1fc375bc3d73d29c1b1144d1,333.00,111.00,3,5
76d336555bb25f3165d2f0d6da719c40,330.00,165.00,2,2
d7b2377bae6ace1b11fc69a11900ac36,329.60,82.40,4,4
09883d9ab71c8fe8a9bfc7fc3075b07e,329.50,65.90,5,5
d36b07fd3c5088e477a72d1fccfe29d4,328.90,328.90,1,1
f18112da765e0971ca5d510dec322bdd,327.80,163.90,2,2
4b98b0428fc1932cc2514ef9ce2505e6,327.63,163.82,2,2
08d0949a9a17c027262db1f3c450c26c,324.80,27.07,12,12
6bd503a8230299c9316fb0f726933927,324.29,81.07,4,5
7dea6f73af847b42cc3985bd620f994d,324.00,162.00,2,2
c79151301b9d90985d1fa52879213105,322.30,80.58,4,8
92d14edfb62ee5ae7fdff70b0f4e7233,322.00,40.25,8,13
a81466620e46a6970b22ef40379fdfc9,321.80,160.90,2,2
7b7ed56ae755e2880f2b69632e839c1e,321.50,64.30,5,5
d149de2f383552baea37a7198c2296ce,320.70,106.90,3,3
d2f3e277560ed4c6361284429b00f037,320.55,45.79,7,7
eb9267cccc90f1b49c8d2f9887c7dd97,319.90,319.90,1,1
4f40d2ed38d1cc945364a7cd202a82c7,319.90,319.90,1,1
883dd81e82754ac2c65e9790a7db8c9a,319.50,63.90,5,5
c611f4ce9ce875bcc063fa97fd4d7d12,319.00,319.00,1,1
ea1776927851da2532aa70d6a32c095a,318.80,106.27,3,3
1e9d5a33694bddb76316fd1f54734d20,318.00,159.00,2,2
57d2ba47f7a3209aa347532ae75c1165,318.00,159.00,2,2
2d22fc3089eb907b29ebff50581fb472,317.70,105.90,3,3
ea4e9ce63a2134743b4a92777437fcdd,316.60,105.53,3,4
9cf787a239c1aa29dbd76f153dc13f9a,316.00,79.00,4,4
cf1313c6e2c01c2f4b014f97db4bcd2b,315.70,63.14,5,5
3b18f9856c6eb2413eafedb58e9eecd9,315.00,315.00,1,1
12c2ed9cded6138cf0c75f525f565fc7,314.96,78.74,4,4
da20530872245d6cd9d2f5725613c430,314.96,157.48,2,3
9ac4f14370b1e24ddc58be041b7f99df,314.51,62.90,5,5
8c9348f33ae3dada25c99c99ade2af78,312.99,156.50,2,2
5f0057b677eb963672bf05dfa3f16c34,312.88,62.58,5,5
3afc536624bc2e65bddfb5db33cc01f3,312.00,52.00,6,6
1acde099eb406aa220b1169b188b42da,311.10,34.57,9,10
df47da4ae86fa4db890d05aaf24e21d8,310.50,62.10,5,5
ba89796db68db180bd389de96b2ff3b6,309.80,154.90,2,2
0cab2da43793a6f3c5ed8514c5f54627,309.70,103.23,3,3
ebd1417732defaf66c50b5a800eb293e,309.00,309.00,1,1
152ee17e4c8aaf53dac99f3462e4999b,308.96,51.49,6,6
1b45169b635ef59425637e9a33eb5fb3,308.90,44.13,7,8
dbbcfe2c8d026742134ac3e28ccde274,308.59,77.15,4,4
b127efdabeffb5d559349c7b172eb75d,308.50,30.85,10,10
85cc55e048b6bcc90c75afe7f0e72f72,308.28,34.25,9,9
a7a9b880c49781da66651ccf4ba9ac38,307.60,102.53,3,4
9c3c24eca51c52b91c1de727d2a2ae06,307.50,51.25,6,6
48bad451945f5227341793478d6353ea,307.00,102.33,3,3
e94b64dc6979b302a5a5be1662c83bb6,306.89,153.45,2,2
bc39d8938f90a3a2b98193723ed59774,306.80,153.40,2,2
6d2f2e3b539480db1e0842b3a4e32e6e,305.96,101.99,3,6
085f6f7e049c996695fb2074fe38d45e,305.40,50.90,6,8
c76d418370990614e89e956c7a7567d9,305.24,152.62,2,2
51f108f62cb87d61918159902c8f8583,303.73,101.24,3,3
25debeafbce801fdd479539350185eee,302.84,50.47,6,7
ad75519a07f039025e83795a4418470f,302.10,100.70,3,9
a3082f442524a1be452e3189e003b361,301.60,100.53,3,4
2b3b9ce054da76a7428df143a567b156,301.00,60.20,5,6
3dc69bf2c42f0568a5c4791ec3fd3745,300.00,150.00,2,2
2b402d5dc42554061f8ea98d1916f148,299.89,299.89,1,1
69a43819c758c65a5befb0b471c954d7,299.85,149.93,2,3
3606774ec64634822d78dc2db6d37045,299.80,149.90,2,2
ea3ebea5317b0efbc663ecc8ce5e9bc2,299.70,99.90,3,3
6d1b9c9579132c87d2703ec38c30f2c5,299.69,74.92,4,4
7fe21dd00d2f4943ae09525efa2fd674,299.60,74.90,4,4
71593c7413973a1e160057b80d4958f6,299.50,149.75,2,5
b76f4d90e85657a240495c876313adc5,299.00,299.00,1,1
f00f5b35d0abcacbdd863672f4bb2c1a,299.00,299.00,1,1
a8739afb32aaa45e01815ca76f76f54b,298.83,22.99,13,15
9d489893ff6af05029671b785f54b998,298.70,59.74,5,6
b76a1f8356322f12529c37b67d5c96c2,298.50,59.70,5,5
666658b8da8370f30e1f89893b1de5e6,298.00,298.00,1,2
c5ebe6598748b0aeaa61cfb820478b92,297.00,99.00,3,3
e603cf3fec55f8697c9059638d6c8eb5,297.00,37.13,8,11
0ec28cec4046a4a199b6de9b4c891d97,296.60,98.87,3,4
508808d438fe2ff972ed13bb8f4a82e2,294.83,29.48,10,11
55c96925041a14097b6a7825554f4ad5,294.80,49.13,6,10
a806a4bb063ea7ca6d374eafa50a6058,294.40,58.88,5,6
9b1ab052f5fca308ba743ac789ebb2e1,294.09,147.05,2,2
2bf28e311bba65237358230cabac3f15,294.00,42.00,7,8
2f4b9d112bfa44a214bc6cef085d17c8,293.99,58.80,5,6
9d39404483343dd55c7ae254494d8388,293.20,29.32,10,10
5dc4bdaf869e8c77c648078cbe8d59c2,292.99,292.99,1,1
48b6c3f4c6a93171da04b75313f2130f,290.26,145.13,2,2
aadfe0417e61315688b6bd7043361e25,289.90,289.90,1,1
ede2977fbaf3738583170735ca403f6c,289.90,289.90,1,1
f410c8873029fcc3809b9df6d0b28914,289.80,144.90,2,2
4dc646b9b9e8e411ef48ba000ea3ac6f,289.70,72.43,4,5
adbe70ab2c97442046d393988c8d1d27,289.50,57.90,5,5
aded58c8142dedc5494a81f948431fab,289.50,72.38,4,5
04ee0ec01589969663ba5967c0e0bdc0,289.49,289.49,1,1
d1e2fe627180431ffda076abb303c56f,289.00,289.00,1,1
392353362d22cc2c236e1ee81ff19890,288.70,57.74,5,10
bbe87dce25ba8b38bb61cc7210a3f10b,287.00,143.50,2,2
ce20a2ec1514c25e16f2b5b39bc818f0,287.00,71.75,4,7
615005a3ef192c00c6f0e977cee3d2bc,286.50,28.65,10,11
e83e93b71371817b11d78a63ff156aee,286.00,143.00,2,3
e628d4a53c109f09ca88098338b3a3f5,285.00,285.00,1,1
a9ae440659f48b7849df83e82734150b,285.00,285.00,1,1
10264f60a8f0a4d2f30810f5c661c673,284.60,71.15,4,4
86bf77bdb52e615674772d5817c6212f,281.80,70.45,4,5
83c465a786b06574376909b35ef6752a,281.40,93.80,3,3
b8a0adc91af209270c2c725168eb00fd,281.40,46.90,6,6
d5c530f4884a75ae0dba9c148718d278,280.88,46.81,6,9
579891617139df7d8671d373f0669622,280.30,35.04,8,8
4e0d109ccfba9a1151c103049880c857,279.89,139.95,2,2
58e4b302b54937e55a678c4d15111da4,279.79,93.26,3,3
19a7c9f66ffa6452ff4b4c0cca71da27,279.00,279.00,1,1
d2572f31e9023e9850ef986a636ff9bf,279.00,279.00,1,1
debe6615cd90cc0c2eac2b8988e1f628,278.50,55.70,5,5
fb8904a8ea99f8831b64ce27db2c1765,278.00,139.00,2,2
4d6fb82c629c7a5028bfd973c07b05e0,278.00,139.00,2,2
94c49f20a123aeb9360dbf80ff912bf6,277.75,92.58,3,3
ab9db4cf53b08b828b64dccaafc2d9f0,277.67,55.53,5,5
e46bc031f2c5bae4ccb40bb90712e9b4,277.30,277.30,1,1
32f1bb9dfa65bc7df5c0d9d95a616be4,276.39,55.28,5,6
15ead3a5037a918ddb520dfe39a3d2b9,275.50,39.36,7,8
2ee0a0689f2f6a72f35a7cb6033f6e7e,272.00,68.00,4,4
f682e0f848abafc6f41e0d4e868c66ef,269.98,134.99,2,2
87d73636a3acf123e842bb890a4db036,269.90,269.90,1,1
9a208dee8f95cfdf00760c4d627828ec,269.90,269.90,1,1
bab0a8cd684e41ba6e2637dca0979d3b,269.90,269.90,1,1
dcf3755cefcdc158ad0b7bdde51e871b,269.70,89.90,3,3
6bb66d9870c2e01c05655c7ed0e7ee13,269.00,89.67,3,3
58c851d1a3c7cd3da329eb59453fed44,268.99,134.50,2,2
184a67a8f9f63234d3a92340bbdb727f,268.66,33.58,8,11
830379336fad8c6f3b15a4a3ddb5c66e,268.00,134.00,2,4
f9bbdd976532d50b7816d285a22bd01e,268.00,134.00,2,2
4be2e7f96b4fd749d52dff41f80e39dd,267.00,267.00,1,1
65a7c0788e4d632ccb5e1b594b87f0bb,266.70,88.90,3,9
5236605f4d4b0b3e4df85b850393fca0,265.30,53.06,5,5
483ca627d131e18f988349b1655c0acd,264.00,264.00,1,1
5c853bb56f70f4d14218944bae111d7a,263.13,11.44,23,24
f8d5c7085db9a4ad2b8c1ffbeb2798c8,263.00,43.83,6,6
53088c75f948b48a7ece173ac17f0c12,261.70,87.23,3,3
252e76235acb79183cfca6e34f13337d,261.20,87.07,3,4
6da1992f915d77be95d7fa48b36904af,261.00,37.29,7,9
aa762680c40618316a896838866140ea,261.00,87.00,3,3
21d59342ba150175ca2aa4f8faddeca6,259.90,129.95,2,2
92c8bc6e8f925792247656fed09aad65,259.70,86.57,3,3
800214c63934acd05d47e84214db8ba8,259.60,64.90,4,4
984c273121e743dd14767befe6cb17f5,259.60,259.60,1,1
bdb3edbaee43a761e2d4f258dc08f348,259.50,51.90,5,5
c9e5ad1f6647f5dbd1172adf6ae3cada,259.03,64.76,4,4
5e25c632f9db6cfb8bc100421c2737b6,259.00,259.00,1,1
1e26c56af8d48424e1df0140a2401f83,258.90,129.45,2,2
a0e19590a0923cdd0614ea9427713ced,258.30,129.15,2,7
f543ba3c973276f519d89d59bd46cead,258.00,129.00,2,2
0af977692321d895349eded183341d28,257.75,128.88,2,2
7d294cf9a6a69dc6a0c3e540fff0e039,257.25,51.45,5,5
31eec405c9bb71dec8e2629a92e764fa,256.89,51.38,5,5
6f1a1263039c76e68f40a8e536b1da6a,256.39,64.10,4,7
ebef8d8c92b4fd3226e5d407bbff21ac,253.70,84.57,3,3
88ef59b51bdaa941d10a853429f2b6ce,252.90,126.45,2,2
446cc09cdbb130904da114e807dbec40,252.80,84.27,3,3
7f35f9daf223da737b78738fbae4d977,252.00,50.40,5,5
e88c9b79e592e370d6bd852eeefbf057,251.87,31.48,8,9
ae45ad30c2d2e5913094769690a239d2,251.80,251.80,1,2
e88f7a2995ba184710d339c5c4bf2e30,251.60,125.80,2,2
85ecf03781da592876b7844acc1b729f,251.00,125.50,2,2
46ef1a25845fc051c2998d878354810c,250.41,50.08,5,5
001e6ad469a905060d959994f1b41e4f,250.00,250.00,1,1
8ccf3cf69651cc1d8a02c8bfaf3b8568,250.00,125.00,2,2
b2bdc5e7940a7d7ca8c4a37953b27a42,250.00,250.00,1,1
13d95f0f6f73943d4ceffad0fc2cd32c,249.99,249.99,1,1
1703bc09972dab9782e7a9194943b69f,249.90,249.90,1,1
5d505d2298ad549e4e4e835562fa0c1e,249.80,124.90,2,2
c0f783394e37cd9c9d7f5f81141450fa,249.40,41.57,6,6
880eda903e719a5f179f7e9fceb3a69d,249.00,249.00,1,1
4b90495391ac0bd181a80a459df1e718,248.00,248.00,1,1
42b6488f5b8246d9141712abd4b1b693,247.99,124.00,2,2
ec21206b7894c503788a684a7bc822a6,247.80,82.60,3,3
baa49d93c8c8841e27400a300f5d74b2,246.40,41.07,6,6
88ae906ea2acf6971f26c3e8b7cb4357,246.00,82.00,3,3
5721089ba9214e80074f27d5a03fc0eb,245.93,49.19,5,7
5194c22ed1f616ec0c0f33c571542879,245.60,61.40,4,4
28405831a29823802aa22c084cfd0649,245.00,35.00,7,7
c3fe93ba3085f92855c97e57f38c8c05,245.00,35.00,7,7
d6cd01c59123df02fc226eadbadb5f89,244.90,122.45,2,3
14f2b3587172b9db894c9bad8dab520b,244.00,122.00,2,2
5733d806668f8712c24b9abaefbfa642,243.80,121.90,2,2
77714512e8d4dda9c234da8e3faf16e4,243.40,60.85,4,6
c70a353f02429c00775a46a75fb787da,242.00,40.33,6,6
31be790e64fc99f8ff48ec2bd18a3104,241.40,40.23,6,6
0761743cbffb25d7148189e9f1a5f03a,241.20,80.40,3,7
85044848b1b767db2a4a58526adef4b4,240.60,60.15,4,4
5e9f5bd34e0830569f05c9d4f56e04a8,239.98,119.99,2,2
422be4cc81a457fdb46f47edeb968ae5,239.90,239.90,1,1
2d9e8987a2ea5cf88dce330249043ff1,239.80,119.90,2,2
70f7e8018e3d46c748c92f026aa2585a,239.80,239.80,1,2
ec8463980a4e0ea9f8517aea1ed0c419,239.20,119.60,2,8
d1a5cc844736958c11b8efab9a2b4c87,237.60,237.60,1,1
e83c76265fc54bf41eac728805e4da77,237.30,29.66,8,8
2e0dba2da448400b1c11d7b4b22f32a4,235.87,33.70,7,13
534a01cc6df1e034e05c32028a291fa2,235.59,47.12,5,5
578460d8319c51dab351cd9db95eadfe,235.00,235.00,1,1
a663d9c3797e90eac99ff60939416a56,235.00,235.00,1,1
94b9108d4b637ba65bb4f1e53cfcf8d8,234.96,33.57,7,8
1e47defeeadeca0e9a18fa5a9311e735,234.12,78.04,3,3
cb32766839f443db85c82a43c4a6c19e,234.00,117.00,2,2
d9cb0052a666de5308b32f32ad5f1b1c,231.90,77.30,3,3
e64882b4ef12aee8d0faca4db5b681f4,230.00,230.00,1,2
1746c1ae87ac63d530c7c943d0ac42e2,229.90,229.90,1,1
72431a818f97fe6ab9c81eee3e297e54,229.90,229.90,1,1
740205fedfe4e90ca6857bc77db0f2b4,229.90,229.90,1,1
9539213aa8e023c01937bef95dc006da,229.10,25.46,9,9
615c3462099ffa940d37b17dfda19594,229.00,114.50,2,2
75745ef7bc7d4f3ea3380f6f5303f514,228.40,76.13,3,3
4ce6e5f6c52515177e18c1c9361d8677,226.60,226.60,1,1
8dfbc5ff27df12f6cef751d3b9554222,226.00,56.50,4,4
b05b432bf68945d4d9783f9e3ca29ee8,224.80,112.40,2,2
8a8835a43bda99fd37310ad76c457510,224.34,112.17,2,3
94ca168e8bcb407ab85c5da308863027,224.30,44.86,5,5
6c6e3d67f969468f3bfd33f827a31222,224.00,44.80,5,6
81ed90f07c0bacb7594940ba2ef676aa,223.90,111.95,2,2
0e44d110fa6a54e121cb2c095a77762f,223.32,37.22,6,6
08ad4ac1388e4420ca531c3edfc46198,221.62,36.94,6,7
f419677537694f0462a91990df6ca44f,220.50,36.75,6,6
7e3dde9ffba72d5340f9aaf09b4424be,220.00,220.00,1,1
bec568278124768c474ee90971ca94d1,219.90,109.95,2,2
edf3fabebcc20f7463cc9c53da932ea8,219.90,219.90,1,1
e0a3c37054ade6478d923a6efc10f308,219.80,109.90,2,2
f8e2c1b59cd4225a3e4fd0d013a76b93,219.80,109.90,2,3
20611af7866c6068fd5ae1f9dbe15c92,219.80,109.90,2,2
a5dd1946fb63ada8bcaa0c9cd8f11e22,219.62,36.60,6,7
6e2d3e2dc84fb30f6078f39dd3bddd6f,219.00,219.00,1,1
3442f8959a84dea7ee197c632cb2df15,218.70,72.90,3,3
751e274377499a8503fd6243ad9c56f6,218.00,218.00,1,2
6548c2550b6e2d8f18053216e1c7b6f3,217.70,72.57,3,5
d594982fd877af63ace38ea1fca27c76,217.04,31.01,7,7
3d49bfdd1b43a7fe169b3740067acc61,215.00,71.67,3,3
a4b8d97cd5d3674eeff96abc99d8ed67,214.08,214.08,1,1
33ab10be054370c254ddfcf0a6253422,213.20,53.30,4,4
4ea2f12dbe91deeacd2c1e74f069a6e6,210.20,52.55,4,6
a9415cf907dfa12f9ed18693244f5329,210.00,210.00,1,2
d9d43faf741ceaa8da52fdbb81d9e0e3,210.00,35.00,6,8
fec6912baad85d41729669edd6b4d3b8,210.00,210.00,1,1
661ad5fcc28cdfb8bcadb12bb2272475,209.93,52.48,4,7
269c5fc9fcadee614364c3620c30a1f9,209.60,69.87,3,6
3fadb4cba4c35bce6a7eaf9872d5623a,209.50,69.83,3,5
929f342384a6607afe143d789ade1316,209.40,52.35,4,4
3fefda3299e6dfaea3466ef346a3571a,209.00,209.00,1,1
10cdd491d1dbea8fb4ead97b19c334ce,208.90,69.63,3,3
1de62b6f2fd96227629786db492433db,208.80,104.40,2,2
ad8b531ae67582f096925cff5630d0d1,208.35,69.45,3,3
353e21e8bf8de2722b4fae1636664b76,208.00,52.00,4,4
5a9c0859cb00fd8aa4db443837f0a700,208.00,104.00,2,2
90b36c5aeb728d5504a39f435bef0c5f,207.86,41.57,5,7
90b57083da5d803237da74daec6dcb2b,206.90,103.45,2,2
762fafdaa57a532ee0119731697579dd,206.70,41.34,5,5
3bfad056cf05c00dabe2f895925d83b1,206.65,206.65,1,5
e5d4b2b0c3bca22085f7a19a28de0c42,205.80,51.45,4,4
dd8a29ce82d5c705ba932d81494600a5,205.75,102.88,2,2
643c01d7c56a724bec0454f4780e8a3e,205.55,102.78,2,2
37ceb404da208418c9032f0674e57804,204.93,204.93,1,3
efb628aa07c8ca93d7db0d85b91a4f5a,204.00,204.00,1,1
e819bcfade7b5d88a27325eb6cfd62c5,202.90,40.58,5,11
f26d70155c2b6326fcfa1780c8c684e4,202.89,202.89,1,1
bcc9dd23e2a8bd8267cf92b19304a1b9,202.79,67.60,3,3
19484c79cef6c062cb177aa4ef2fcc3c,201.90,201.90,1,1
28c7d8743fbc8679f484868cc0fcaefb,201.50,67.17,3,3
72146da5774cabf2632faedcae097a76,200.94,50.24,4,6
c990d6cf976a5718aaedc539f383ab88,200.90,20.09,10,11
3f84fefc07dc159b268d4a77d3e8c425,200.60,66.87,3,3
5db42a6cd9bf1bf0d3aab9582767f168,200.00,200.00,1,1
3289d8c3eef4873f91ce0b1343c0dd58,199.99,199.99,1,1
dbc51f5e45d654ecc16cb68e6817ecea,199.99,199.99,1,1
dda37071807e404c5bb2a1590c66326f,199.99,199.99,1,1
3fe7120d6257285ac6a3ce7cb071ccec,199.98,99.99,2,2
651530bf5c607240ccdd89a30c9c9712,199.90,199.90,1,1
e59e575a175fadcadf8479e191770425,199.90,199.90,1,1
2a50b7ee5aebecc6fd0ff9784a4747d6,199.80,199.80,1,2
2cb4700db635baa1c0d4f90ed27b6669,199.80,99.90,2,2
4f0d637c1197fd65405ebd755ac9f86b,199.80,99.90,2,2
ec5c1d94df153d473b37f880977ae58e,199.67,99.84,2,3
4e2627090e6e5b9fabba883a37897683,199.50,99.75,2,5
8060d731897e33b5c5ae575ce1e209e1,199.50,39.90,5,5
4450bd8327d471c4a11a83d1445b1b62,199.00,199.00,1,1
4ce8b55b4bfa4659184e7becc1fba3f2,199.00,99.50,2,2
52f6f9f13ba19504c02781132a049e75,199.00,199.00,1,1
e1bed63d68ac36fe1f3061befe196af5,199.00,199.00,1,1
e9874ae10b2d60d43917b6bbfa13a599,199.00,199.00,1,1
3d290fe363c60a77498c1126fd3fb8d3,198.98,66.33,3,3
e503f22be6a4f456d9851920a5d9c670,198.90,99.45,2,2
d8dd176509baa37f359644d082bf7f7b,198.00,99.00,2,2
586a871d4f1221763fddb6ceefdeb95e,198.00,198.00,1,2
b57e8460909fa137df7951b4a3b5ea84,198.00,198.00,1,2
6f835fd4be26989b1b064399da346143,197.80,98.90,2,2
9da15f4a4ea758d9eeb49000dbe57e22,196.90,196.90,1,1
fe8055980a4ff7f64ed889c2b5926929,196.70,65.57,3,3
809413606dbfe5deefd2db646693ef67,196.68,65.56,3,5
8def3db7f272735afb2ecd03aeca09a7,196.00,98.00,2,2
0f7eea709efdf942b5f95c7516dbacd7,195.74,65.25,3,3
f356c348fbc8df6a882823e21f5ce8b7,195.18,97.59,2,2
9c54608f0996c32ae4743089d915f845,194.80,64.93,3,3
b5f49fe968dff6b112861e6cd8e192ef,194.70,194.70,1,2
7d948535954aaf8c5d39db007f74372e,194.00,48.50,4,4
f626e15b7314c267e4429010866f70e9,193.55,38.71,5,7
05e107217c7266362fd44b75b2cd4cc4,193.38,38.68,5,8
747c1cdcd1737dcfbd1547f6eb6f2cf3,193.10,96.55,2,2
4d9fea3499bdc22aa4da4e339365f215,192.54,96.27,2,2
78ba5933c21686d1c2f64669c8c459e7,191.80,95.90,2,2
f5403d3f50089112c4eed37928b7f622,190.80,95.40,2,2
f307937c1bb287c3efc2a514b94b0d1d,189.99,189.99,1,1
778323240ce2830d68aab11794e00bfb,189.98,63.33,3,3
43a1d4bab73b816e44ef4e4facd9f9b5,189.90,189.90,1,1
7cf4ea70955b00d6b3c22542598e2715,189.90,189.90,1,1
119c7f1a00ef43fad0e57604e76a747c,189.80,94.90,2,2
213fafb0ca06fb3d5886579c2565791b,189.70,63.23,3,3
686886775c8f6b1191c7b953fb52708c,189.00,189.00,1,1
b00af24704019bd2e1b335e70ad11f7c,189.00,189.00,1,1
e0482f2c769468c3bbcd8a01e09d98c5,189.00,189.00,1,1
c360e4787614ed31ac7a2f95d3b22dc6,188.90,188.90,1,1
c0aff2da32c17759d30b22fb0af6649d,188.80,47.20,4,5
4c1c7281388a33dd06daac44f9fadbd1,188.32,37.66,5,5
74c7dec0a384d8a05950e629bd23bde9,187.68,37.54,5,5
a3b0df0065e264a91b7bbf5f844af5cd,186.69,93.35,2,2
3a79f35a2344ede41af21267f61d5ec6,186.00,186.00,1,1
c32fc744b9160ac853450488e3cfea93,185.70,61.90,3,3
eec3469d83e142f9a104886655338c37,185.70,46.43,4,4
f9eda05b67bef472deaddbba84aca289,185.00,185.00,1,1
9e7c5f4d7770eab65738cca38f9efccf,184.80,92.40,2,2
2075d8cd4dd63ff12df0749a5866bb06,184.70,61.57,3,3
7d484ca289afaac6bf5fc6a1e96d2226,183.20,91.60,2,2
1c56ffe0e9dea2657fc6e95b53f40b13,183.00,61.00,3,3
23ca5f678e0b3ea6c630b30fa8bf51ea,183.00,30.50,6,7
3dfd3dc96f7f8598eca74e9ac8a2fa31,183.00,30.50,6,6
478bfe564db21eeb44386606aa30b650,182.70,60.90,3,3
5659d77e8d90378e39b960ad5956f64e,182.48,91.24,2,2
31e60bf8d103ce47932a85f5562deb16,181.00,181.00,1,1
8ca5b19e0263150d2c57afdde2b3d011,180.60,60.20,3,4
7ad41305e96a6cab8294cd65891e9a86,180.00,90.00,2,2
88cd3681e0a2ba85e190f7d817629c4c,180.00,180.00,1,1
94165aea8a35c3c21499cbcae239b16c,180.00,180.00,1,1
964ff64dc05b13811c6d0f41e0aa5f6b,180.00,180.00,1,1
9c57bc60cfad5ee62d35d3f1ce4593a1,180.00,180.00,1,1
9dd459b29a14bf89d47183cf2cd0e4c7,180.00,90.00,2,2
05ca864204d09595ae591b93ea9cf93d,179.90,179.90,1,1
50bf89f1349bc0409a268c3a49678009,179.90,179.90,1,1
7f5e4d5efad7e44b91115dd1decb65f3,179.90,59.97,3,9
762ed976527cddf02787edba70fffa2a,179.80,59.93,3,4
2235cf78d3e2073a88146a9cb60f0dd0,178.99,178.99,1,1
880ce4951cf857ab1d9e0b75c1d856f4,178.90,178.90,1,1
f3975e8a41157005d4bcbb358678cd9b,178.80,89.40,2,2
57fe6232e67823593374a2281d7a8af8,178.68,22.34,8,8
19e0f40a907ec568c34bfac15de4f4a1,178.00,44.50,4,4
2d2322d842118867781fc737e96d59a1,176.40,22.05,8,10
a0a14e50070f3225b3eabba5b85da517,176.20,44.05,4,4
c353f8fc0ce8344999f17d578eb69a5e,175.98,87.99,2,2
485452467ff670447e84a8370c3fc898,175.70,58.57,3,3
4dc2e811a1760953cb7c6a590b498943,175.00,175.00,1,1
b906dd0e57f282c7089171b6ed07982e,175.00,87.50,2,2
f92d8c817434bd2d84d4e9c61322b7fa,174.84,34.97,5,5
23ff42c4bf1f8f16cddb19d8b972974a,174.70,87.35,2,3
dd9661d3cda1e6feb237f0c4d8b26f2e,174.00,174.00,1,1
0692610d8abe24f287e9fae90ea0bbee,173.99,43.50,4,4
99a25c39b28a74d1151c35c18d178292,173.94,173.94,1,6
aae5953b9edddf14749c0d65d60eb4b9,173.00,86.50,2,2
ccada0ef508e698917a6eab263375905,172.80,57.60,3,3
1e483cc5c76fef08d3ca05f9a8af7d01,171.99,17.20,10,11
50770d25768b0486d89be26afca3108f,171.77,28.63,6,6
cd52a8efd71af3336b14b5039b951cc1,170.80,56.93,3,3
e1643dff33666ca629e3644c02738179,170.00,56.67,3,3
3ea08c48e851106d2f584349daba335f,170.00,170.00,1,1
5444b12c82f21c923f2639ebc722c1ea,169.90,169.90,1,1
6e85dc5ecd97a61094b89b046a509d8e,169.90,169.90,1,1
695051e2981c8b19e77cafe450d5bdf3,169.76,169.76,1,1
b01c2b7b8599b325103ebcddc67413e1,169.45,42.36,4,4
4bc3d93e4a5f88a598d3d8ce4ae510b3,169.00,169.00,1,1
d9c349beabc06aa6ff1c6d68b5e9e22e,168.10,168.10,1,1
c7c7b2682c648339a0e9846bb1023a39,168.00,84.00,2,3
51a04a8a6bdcb23deccc82b0b80742cf,167.99,167.99,1,1
7178e1eaa97257d8b6d4b80efd77a025,167.90,167.90,1,1
89d9a386b0b6e5fc8403071b03f7206a,167.00,83.50,2,5
1d1bbb8ac1581824986f582583fff01d,166.88,41.72,4,4
1cbdc7cf130a41fd13a3c2a7d2fcfda7,165.80,82.90,2,2
2ea0861cc19e94cad86438c984c52da4,165.60,27.60,6,6
33d677f27a69b84051204ee4ae76eaca,165.00,18.33,9,10
ace601496e211a664100321f038f50af,165.00,165.00,1,1
bd4ff04377f974574f7f0bf9d6ce7dde,164.96,41.24,4,4
e45edf75f568ed2f93f78d060e246e25,164.30,27.38,6,7
fc5a0d7a310a7a41abf86a458585ff2b,162.80,81.40,2,2
98e164d549402270247f3c96a1a158ef,162.70,81.35,2,2
fa5fdc4e4bb6bd1009ad0e4ac4096562,161.99,161.99,1,1
bff9deb0ec77d437f3305a79cf25529e,161.95,32.39,5,5
87f3e35268860433e13d577825aada95,161.70,53.90,3,3
3442033154be05bac582e173ef54fd12,161.00,161.00,1,1
d3e7d37c0df9aef383f3f2a15b0dddfb,161.00,161.00,1,1
fc6295add6f51a0936407ead70c1001d,160.00,160.00,1,4
533d46c1b06970e99f09523a61df4972,159.98,79.99,2,2
aa2640d851ec322526f1295bbeb20092,159.98,159.98,1,2
2039c5e51785b5dde7cf93ccb3b7be2c,159.90,159.90,1,1
913fd0ebba70bb919f7254a02239173c,159.90,159.90,1,1
fc0b214b59a83615fea981c6424a02ae,159.90,159.90,1,1
2ec6e37d992a95eaddb3369dcbcc76d9,159.80,79.90,2,2
4bde6149c15cf7e177b36fa060dd6de8,159.80,79.90,2,2
6902157ee16728322d61a1321fa79e58,159.80,79.90,2,2
99cd94252748d2bdde08e17858233602,159.80,79.90,2,2
b7e1750c1157341d2abd0251e07c186b,159.60,53.20,3,4
0ade5cc4a305ed7093a23f68ca47519c,158.88,79.44,2,2
954e95f20808d7e5d11f0de292d078e0,158.78,52.93,3,4
c04d70d515d15a7e3db3a73320598566,158.20,52.73,3,4
ce3ad9de960102d0677a81f5d0bb7b2d,158.00,158.00,1,1
f1ce5fdecd64935c28b9ff932751d0dc,158.00,79.00,2,2
98dddbc4601dd4443ca174359b237166,158.00,79.00,2,2
902c99f1ac505c0d18778b61bcd636f7,157.96,39.49,4,4
d2df77822373f19934e87694d8640767,155.90,77.95,2,2
dde698c6d0bd24834c586e5111c2bba7,155.90,155.90,1,1
a4e634166243bbb3a13fa584463fa468,155.55,77.78,2,2
b9de031b671cd48b28fae9d828cbf2b4,155.32,155.32,1,1
3c88ed2e76a2247933a15daa7161eb1c,155.00,155.00,1,1
61f159ef6da2d441951d2c0efa719362,154.97,51.66,3,3
4dab98ca6cd6d3df586203cefd28a042,154.90,154.90,1,1
f664f98bfda2eaf266a23ff144e7a872,153.99,77.00,2,2
0b09101900100c0e9d312861fad5a1b9,153.75,153.75,1,1
6601ee6383e7f452be71929f8de48bbb,153.60,76.80,2,2
d26aa40b90272d4843d63be7c1462c8d,152.90,76.45,2,2
78813699ffac347fe27dba345a5f1551,152.42,152.42,1,1
4ddeb3e828550cddc8d45c8bc36ab2d1,152.00,152.00,1,1
56f413900b5166ab4d730e9ac0b12cb0,151.79,50.60,3,3
bd0a1b0aadca9a83d9304f7e8ff5fbd5,150.60,37.65,4,4
2d34636518ba88f5349b732fcf8ba2e4,150.00,150.00,1,1
4867209cb29b56b92893d7bde3ce8012,150.00,150.00,1,1
578fa3a9cb6b6dceab39231ad59cdaca,150.00,50.00,3,3
c398bc00a606d33758afd91f4e64fd15,150.00,75.00,2,2
1e47d8b6546eb3a77b1acddcc9406242,149.90,149.90,1,1
49f8d2ea7b718d0ce587d34207caf2b4,149.90,149.90,1,1
f266295f49a28eee21f413e0cbb0521d,149.80,74.90,2,2
6ba4733aa33f6386e9fb0c0fd3993b38,149.79,49.93,3,3
3d700782d7818f2c1e0d7a9e9d75fc00,149.70,49.90,3,3
63272377184e969942f7fff221be858d,149.70,74.85,2,2
7a188843479798ca813108fa7b959286,149.70,149.70,1,3
d8b8f2cf9ff6ba0389072541cb42498c,149.00,149.00,1,1
e00d85ce20ea50c1224c66ca5050527d,149.00,149.00,1,1
37303482a42fb700d8d127e70a9cd6c8,148.89,74.45,2,2
f35becee938e982bd615edf8ef12bcfb,148.59,24.77,6,6
8fbe2ee446b97e128471be4ce983dc0d,148.50,49.50,3,3
538caafddff204241cecbf3a02e6b3cf,148.30,16.48,9,9
ca7c6bd577e559472af1c699de9e764e,148.00,24.67,6,8
7d7866a99a8656a42c7ff6352a433410,147.89,29.58,5,5
2a7c6c0b0d5efde2bf75ec1e1cec2d41,147.60,49.20,3,3
9523fb39dd240aa958e040f8183d64f3,146.99,146.99,1,1
0b3f27369a4d8df98f7eb91077e438ac,146.51,73.26,2,2
782f78b632a43875dd5b53e3e49c9564,146.01,73.01,2,3
4bcec44888b30ba9001234c534716d3f,146.00,29.20,5,5
398cb257329ef7af7f1943a8974a3cbc,145.90,145.90,1,1
8e34331b7eedd03be4e5d965c1956225,145.00,29.00,5,5
f3041c2e75ec683697a6a5ea82192210,145.00,145.00,1,1
0daf5180aa44356f60f8effa533b55a2,144.80,72.40,2,2
553a440137d6e0cf776aee0bb83ac9f5,144.80,72.40,2,2
15ac3c501e2599e4917316fde5c5669a,144.20,144.20,1,1
4a82c4af97ffc0fb2dc26bfdc03b1842,143.70,47.90,3,3
c8143b3069f6746a77421b5ce30a450c,142.47,142.47,1,1
2f9b7ce230a057a98a9f5df5893ee36c,141.82,70.91,2,2
d3891911c2feae53c52fea2bd14054e5,141.00,70.50,2,2
0e72c1a751b496722a6cb1f10653b62a,140.80,46.93,3,3
50a7e551a7b3f8d37cd6e32d8bfbe5ea,140.00,140.00,1,1
a89e143d5211473ae18db9577ee34b64,140.00,70.00,2,2
52a50b42accf164f9f019941e5759d9b,139.96,34.99,4,4
19d62d484cba71963c93f0f00ab42013,139.90,139.90,1,1
3f8247d0f772ffa58560e5c682521ad5,139.90,139.90,1,1
d8bf0fc082fd4a77fc2e5679b6c00133,139.90,139.90,1,1
fa8d335d68129e464e60c1826a683e96,139.90,139.90,1,1
e8ff5a6ceb895583033fc2a0f314e3c2,139.89,139.89,1,1
1b0b0f4f95e962d6f32fe90c759d0479,139.80,69.90,2,2
59bbc819b99a733f02f0d6b49d1c253d,139.80,69.90,2,2
a154d7316f158bb42e6fa18bbe3afd3a,139.80,69.90,2,2
6a53b90c3ad9e0b56d9fe5c69165fff5,139.78,69.89,2,4
657969cca82e884d272385ec0ef06edd,139.70,46.57,3,3
63b9ae557efed31d1f7687917d248a8d,139.50,27.90,5,7
818d28f936e791926d33bcb6ee94ef79,139.50,27.90,5,5
26e2e5033827d2ba53929f43e03d8ffe,139.49,139.49,1,1
4a5b36211b1f51bf7eaa5c10a57fa483,139.19,139.19,1,1
57a834594e1e9e9219603bfec184eadc,139.00,139.00,1,1
5a9b3bcab695173c820e53934574ae80,139.00,139.00,1,1
712efd3b68f9686dc856b84abd0f21ae,139.00,139.00,1,1
c747d5b92c7648417faea95d36d763e8,139.00,139.00,1,1
f114dca2828bf718548db175ebe2cfcd,139.00,139.00,1,1
f049a72cf58fd31b11f8919cade515e7,138.75,46.25,3,4
717b78b0950b51ed00b1471d858b0edc,138.60,27.72,5,5
96f7c797de9ca20efbe14545bed63eec,138.60,138.60,1,3
8cb7c5ddf41f4d506eba76e9a4702a25,138.00,69.00,2,2
044668ccd5316b12a7cf0d54a156e3e9,137.80,45.93,3,4
0b64bcdb0784abc139af04077d49a20e,137.60,34.40,4,4
ea846a0e7ad98a741783e886d89dfa44,137.00,68.50,2,3
db6a4d4b5f1f5f98820ce6ce2619e2de,135.99,135.99,1,1
377bc18334c78dd2f1535ef22a3ad225,135.98,135.98,1,1
dd39ad39b5d3df33037e141c72497ba6,135.80,67.90,2,2
e3e290b38963293022cdcd6db8328103,135.70,45.23,3,3
59de1d4c8c057c2a53acd4ca66531af2,135.00,135.00,1,1
7c4adcc13272c0e26fa23aac642adb7b,135.00,67.50,2,2
83c8aafbefb034674a70de0eac5b8954,134.90,67.45,2,2
5def4c3732941a971cba8fdee992ede1,134.80,26.96,5,6
c5e60e39c0f42b8e827daa13cff74afa,134.00,22.33,6,8
8e4f041ff58e7845456d3482524014b3,133.80,66.90,2,2
062c325cd6a2b87845fab56b4ec2eeae,133.22,66.61,2,2
c87abc38c8ed3240861729e1aeadf221,133.00,133.00,1,1
7adbd3210a7b3cc2235e225eef33574d,131.90,43.97,3,3
fedf2c1386e137f296b3bbf3b635e69d,131.74,65.87,2,5
a218df5c097b0ca409cfaac1488cc7f6,130.69,32.67,4,4
939f6e231201f26803cb5c3a3d2940b3,130.60,43.53,3,4
2f3d8b4c9e2ee165075331fea3f3095a,130.00,130.00,1,1
60ad151920c4f6f3ebbe8cfdf6166779,130.00,65.00,2,2
88af55b4a7ca402b27df16f7c7c9b5d2,130.00,130.00,1,1
9fe7c6641c79970ab48185498f547c09,130.00,130.00,1,1
dc120d932ddf9d4dfb6fd68beefda622,130.00,130.00,1,1
e5def42655b7490edac5a56fe8e9e603,129.90,129.90,1,1
0f80a40c312b2472dca482cf50f5186f,129.90,129.90,1,1
b6f52e346160519c24a23af05410ad32,129.90,129.90,1,1
44ed138eca6214d572ce1d813fb0049b,129.79,64.90,2,3
45c20d94d9171b0bcfab3c955e47d67b,129.46,32.37,4,4
ef728fa1f17436c91ed1ccd03dcf9631,128.70,42.90,3,4
391bbd13b6452244774beff1824006ed,127.80,63.90,2,2
47f55702f598c7c6cc8458b0fbc1c49a,127.50,63.75,2,2
5bc237df65098fe211bb4818f4d26d78,126.80,63.40,2,2
7c9130f5f3729edd32aa059141d92484,126.00,42.00,3,4
c26ba52cf8d2f34915f2f6b7ffa0a3f3,125.96,31.49,4,4
f9a02f1922d1de564392e656d82b3fda,125.90,125.90,1,1
934ed5cd1b9c1c7382d0a94a94b9e639,125.85,125.85,1,1
788f22bafdd7ab0e1e79f19db72f16a4,125.80,62.90,2,2
9558aa23f77a9e0a0eca83540999f43b,125.70,62.85,2,2
570d4583587a5fe2d47c7be89b91ad27,125.25,62.63,2,2
ec2e006556300a79a5a91e4876ab3a56,125.20,31.30,4,8
c092292535a57dacd95a8765f5518f87,125.00,125.00,1,1
57df9869a600bd6b7c405f2a862eccfb,125.00,25.00,5,5
ff82e8873fba613f2261a9acc896fd84,124.60,31.15,4,4
693660429f9dc4ff704eb3d88dad54d7,124.00,62.00,2,2
08061dc0fc165ed41288cc7acde738ee,123.80,30.95,4,4
8d92f3ea807b89465643c219455e7369,121.20,40.40,3,8
89757206b887aed36f3e18d858460fea,120.50,60.25,2,2
876182d1918783bbe15233febfbd4926,120.27,40.09,3,3
003554e2dce176b5555353e4f3555ac8,120.00,120.00,1,1
1927cdb9fa74f5270097f6250e8e8f34,120.00,120.00,1,1
698f5fa55a5f73d0740e9d9a773e8093,120.00,30.00,4,6
a353b1083c9863d756d9404695016d64,120.00,120.00,1,1
bba8d0c234a52b87b3957037a215d1a4,120.00,120.00,1,1
bdf0d02d36a1d839d0c39c4a887cdd49,120.00,24.00,5,7
35281d148dcf7134bae913c57db4e6da,119.99,119.99,1,1
3903c788ded8dc03b5ebab37a2f3e9a1,119.98,24.00,5,5
e09887ca8c7bf8a4621ce481820414ef,119.96,39.99,3,4
d1aa1ec0839dcab73a6161130eb1f94a,119.90,119.90,1,1
e9b6c33b71b67737693b4cfa68341c8d,119.90,119.90,1,1
07a9bc7f61396b658ddf3ac534efe44c,119.90,119.90,1,1
674207551483fec113276b67b0d871ff,119.90,119.90,1,1
7c4402417d51474d4d0cda9557340e40,119.90,119.90,1,1
a150c540f572d0fb53992264bc5c10b5,119.90,119.90,1,1
be1e9e378700cecaa4ebf71433d7915c,119.89,59.95,2,2
8eb88b0acb3f90a717ad659221471fa7,119.80,59.90,2,2
910a922b426b7ff95eaee129ad6c0e1f,119.80,59.90,2,2
bf0045791395e66460eb04749c68672a,119.80,59.90,2,2
e5bd51692380fd8cabb19b756b95e714,119.70,39.90,3,3
26e13b6ff5b641b329e5524241ee2c93,119.70,29.93,4,4
a9b533a26e898b12e8b8d4c07279bf4d,119.60,29.90,4,4
22c32ec35d0116ef02c281798a25bf8b,119.58,29.90,4,6
36f98ad67cc981f50ce8aed093d5783c,119.40,59.70,2,2
fc38b5dceee1a730fad8853453437fbd,119.20,23.84,5,5
fc908879b9ca1bd65419e54e50432d38,119.20,29.80,4,4
e82de6494d91d3c4c54450f59b227a94,118.90,39.63,3,3
fd312b6bf05efac6c3772d5b52205d8a,118.70,59.35,2,4
e9c2dc0dd4ac38448289be644ac94f42,118.39,39.46,3,3
4c60877808f4318ef1107fbeb8f89afa,118.00,59.00,2,2
aa1eb17b9fdf6dfd546e25c45c7b9235,117.99,39.33,3,4
40ec8ab6cdafbcc4f544da38c67da39a,117.80,58.90,2,2
b416191c9813d821a295cfabafff4161,117.80,58.90,2,2
13dd308f81fea30cc670c656b2b46cc3,117.70,39.23,3,3
9bade61a92bed55a25d2b67b9f4ed739,117.68,58.84,2,3
bca9230d3bbb4efa51872bf605a2f1ad,117.57,23.51,5,5
781a66c0d89e30814d49fe8b5e14cd07,115.00,115.00,1,1
93bef6edaa84956e8e575016449b6351,115.00,115.00,1,1
9bf11dfc0bec77e5a23028043c3c5a8f,115.00,115.00,1,1
039b29ff3b3473435d0cd59040575de9,114.90,12.77,9,9
8c351ed7c326c62123318f4f3246e906,114.90,57.45,2,2
296729ffb9b684050dd24836dac4494a,114.00,57.00,2,2
4c4d546adf3c3868fe19c9ec6e9ffda9,111.70,55.85,2,3
ac1ed5fc15901fbc92920361eb4ab350,110.25,110.25,1,1
28d162ab86bb49d719c32f0ee6186eaa,109.99,109.99,1,1
2c9005d8043aff18b8557ffb7b13cda4,109.90,109.90,1,1
4be9ae93c4fc0f41713d71a4194ee1b3,109.90,109.90,1,1
e732329483fd5f27367dd997b47f598a,109.90,109.90,1,1
db7ed69a53aa9fb1c01930ba54a88bbe,109.00,109.00,1,1
7bb8fac2913a6064ec412e583c6d8b4d,109.00,109.00,1,1
92992bec39dde5766f590d3b1f46d465,109.00,109.00,1,1
4cc43a222a0f94910728b62b97a8c5f8,108.50,108.50,1,1
bb3dca718920a4d7ec3cc9ffb025108b,108.00,54.00,2,3
e88165a185134e13fdfc85d4fa654db8,108.00,54.00,2,2
941554c5757b73ba0e50aa7732310afc,107.69,35.90,3,4
44717f64ec2a457979cf83c429077666,107.00,53.50,2,3
077c5fae4bea9500e3737b16f71b9d3a,106.80,26.70,4,6
a69aa24cec11168e7e39a3fbc727e925,105.97,35.32,3,3
271b8923c6a549e02d3c9fd1f8c0422b,105.19,105.19,1,1
630008e0f062605a415d694489f6f82e,105.15,52.58,2,3
3d2400ac620cffa23ac81bd192f7f555,105.00,105.00,1,1
3bb32fedaa74e4ad20f4ce067733bd31,103.70,51.85,2,3
62de60d81c55c29d76a6bce418b31cef,103.00,103.00,1,1
461ff5303b6c9c1a4a07f40c5aece516,102.70,34.23,3,3
ab91571efab27993ff2f6b36e38055c3,102.24,34.08,3,4
160851d3ece7aa1a510f8d1a4bb8a8af,102.05,51.03,2,2
be67f78487e2cecb0d55bc769709e4f5,102.00,102.00,1,1
96e5dc09087bad639b4ee193104ec2e5,101.90,50.95,2,2
4fae87d32467e18eb46e4a76a0a0b9ce,100.90,100.90,1,1
a4fc6eadaff1576af888509a53420f6a,100.86,100.86,1,1
011b0eaba87386a2ae96a7d32bb531d1,99.98,99.98,1,2
79b93a308a97792cf53ac75f46da00b5,99.90,99.90,1,1
80cfd480be3eb6d6267139f5cb793555,99.90,99.90,1,1
2d20f1cd18725c91147da0791d498022,99.80,99.80,1,1
247587846358bb1d2e4c6522020b36fe,99.00,99.00,1,1
26562f211dd1364af2a8596dc945e8ae,99.00,49.50,2,2
a7c53f6b3b61adbdaa99dda97e8cbd56,99.00,99.00,1,1
aa8af66c623d7d544dfe4bb85b5ebe3b,99.00,99.00,1,1
1fbe10c70e30765ed1de86d9f7e98409,98.75,49.38,2,6
9e17b9d64683aebcbb9ee362d06463b4,98.70,49.35,2,3
00ab3eff1b5192e5f1a63bcecfee11c8,98.00,98.00,1,1
5f57db27027655e6c6a391601daa0258,98.00,98.00,1,1
eaaa46e98c9e61f6764dd1d7a2ab8b3e,98.00,98.00,1,1
1c742ac33582852aaf3bcfbf5893abcf,97.90,97.90,1,1
c7bb64409aa480bb7d0335faaaf3d242,97.60,24.40,4,4
70126eecc6aa1274392a1743866e9678,97.40,32.47,3,3
e3e15e2c0b9700561efac21c6be48066,97.24,32.41,3,4
270572bb714b00531be85e16e1550f26,96.99,96.99,1,1
034b9387752bfa309f350a70cd45ffa3,96.00,12.00,8,8
bcf5566870987da7bc811fbc8c5b9fd9,96.00,96.00,1,4
f43827dd686be3a4a80e00aa299990fb,95.54,95.54,1,2
22a23e5ac7061fc538cc2a019afaaf16,95.00,95.00,1,1
623ad9d0c1e14bb5464a8c72bff7b4af,95.00,95.00,1,1
74a9b9bddf14ece02beb81f52c41a88d,95.00,47.50,2,2
7a073a40a9d3f1fee8bc45670ea1e909,95.00,95.00,1,1
8cf21434553b02cbd37c0bbd07e041b0,94.98,47.49,2,2
253c025bab43881055aeecde5e2d8b77,94.82,47.41,2,2
43b2c864251aa0ce4030c746984e088a,94.80,47.40,2,2
443d880f15cbd3572885e1d44bf2c478,94.80,94.80,1,2
7a704e63bb29c446869efde5d57524c8,94.49,94.49,1,1
6235903333ba7de1928c869e268e5964,94.06,94.06,1,1
2aafae69bf4c41fbd94053d9413e87ee,94.00,47.00,2,2
376d67b61dce0c990155286e7ae486a4,94.00,94.00,1,1
5305693ffae2d3463377b1f6fe67b15a,93.56,93.56,1,1
6b2612338467c08c9b25f0cc55b1578d,92.90,92.90,1,1
1fddcb7b326905d3ad5efe82187db347,92.00,92.00,1,1
c4b911d06343b21dd906651f8101cb49,90.98,45.49,2,2
01266d4c46afa519678d16a8b683d325,90.25,30.08,3,3
1cbcd2ee0afb3fc09963b87eb65e7e4f,90.00,90.00,1,3
52b53f7061969fe471d119b6195da864,90.00,90.00,1,1
f8f35af4634605e6693c17cc3ffff5a8,90.00,90.00,1,1
d7d517afce974cd491b8d52bb5b5b1fc,89.99,89.99,1,1
6d04126aba80df143fd038e711b8fd96,89.99,89.99,1,1
8dd386be0767c330276ea6a3f96532d3,89.98,89.98,1,2
741f8c587cb4248ebc5b779a0e8e0e51,89.95,17.99,5,5
154bdf805377afea75a3bd158e9eab10,89.90,89.90,1,1
2bdb95a56a36ebbc6640337ac5eac174,89.90,89.90,1,1
4aba6a02a788d3ec81c03137144d9a80,89.90,89.90,1,1
83d458c0d6d4f94295d63f091460bd60,89.90,89.90,1,1
889009a0ed0bb52c87819941192931b8,89.90,89.90,1,1
97e50a621f8e801f4baf69e08687c192,89.90,89.90,1,1
a72f15980dc3e9bfd1a49ac9b2f3af65,89.90,89.90,1,1
fc99f99385ae90f66f01733856fb88c9,89.90,89.90,1,1
5741dc2bf5044c34d0698681c5081bed,89.70,29.90,3,3
b8d890108a7a80e4f5d59eea9f362438,89.70,44.85,2,3
6624bc09786f0e41ae48dfc5eeb1a9e2,89.54,89.54,1,1
499185655c29ecfdbfe776ef7cf875b5,89.00,89.00,1,1
b3809b8d4394588a47c8470ea331e135,89.00,89.00,1,1
da2782c804606d2a5d8e1760dbb3e7ec,89.00,89.00,1,1
65c255b299faf2d12050937cc219c46c,88.20,44.10,2,2
fa7ad8ae9bcb2c4493fdf38e96b1d74f,88.00,88.00,1,2
dd264199fc8b687ad029de7de6d760e6,87.90,87.90,1,1
466222e777149751370e7e98fb623b0c,87.90,87.90,1,1
9cea4682e16655f7da87f406902e989e,87.76,21.94,4,9
2fa13c8bd5705d279f7ed5cc9ec61c68,87.40,43.70,2,4
4fe2f67634d00c021aa01f96b6f2d68e,86.80,43.40,2,2
60da8bfa7eebe230b7d66ac4082d79b3,86.60,28.87,3,3
b86a47b3366e3b5424a7b225781f4908,86.50,86.50,1,1
00d8b143d12632bad99c0ad66ad52825,86.00,86.00,1,1
20fd2d2080ed85fa67fad3fcbb2c1813,85.90,85.90,1,1
a2b911e9ad40dc7d61c142a4683e2d85,85.90,85.90,1,1
5566627eab3fe93fd6ee08798226101a,85.50,17.10,5,5
2b5ed0c9139dae8883a200dfcb272ece,85.41,21.35,4,4
9b1050e85becf3ae99c1cf4934c9bc5d,85.14,42.57,2,2
b5dd7151a92ccaaa282cbe9681a05f44,85.00,85.00,1,1
cb5ff1b9715e99589f3e0c7a6afab9e3,85.00,21.25,4,4
dadc51ef321949ec9a3ab25cd902e23d,85.00,85.00,1,1
0dfbed20065e425d2eaefb101f9816c0,84.35,28.12,3,3
324583d68897f5ddbaf38f6248322176,84.00,42.00,2,3
3febca52652e7209509ccfe61cbde40e,84.00,42.00,2,2
7f02656561b680def9986c0795a8a080,84.00,42.00,2,2
dedcab67899479e4ea5dcc4eba47f587,84.00,42.00,2,2
f5b84683a9bf9e1df748cf40f601b39c,83.90,83.90,1,1
11d4c477d09821164bca4f70a2eae031,83.04,27.68,3,4
a56a8043ebf66e42119618fb8cf232c6,83.00,83.00,1,1
c542f5a8c64d973f30e9df8d06f70b4a,81.00,81.00,1,1
ba8e85df286308fe68a2ce83a8f8b2d6,80.90,80.90,1,1
52454f90d4c30c016768db02f88c1a74,80.50,26.83,3,5
1a8e2d9c38b84a9702ac7922924b0573,80.00,80.00,1,1
8b11118053756a9a2932f447e11fc1b5,79.99,79.99,1,1
a45765f8afb1e594b22bf9e974b46765,79.99,79.99,1,1
c0f3eea2e14555b6faeea3dd58c1b1c3,79.99,79.99,1,1
ca5832c6960267b71041f74bb39e8b12,79.90,79.90,1,1
cd233f8bfa30ebfd651f47ee7d054951,79.90,79.90,1,1
dcb7367a92f5ffb89f1e2152ed260285,79.90,79.90,1,1
f09e26011d833ddab11593c1a097a92a,79.90,79.90,1,1
0f519b0d2e5eb2227c93dd25038bfc01,79.90,79.90,1,1
9591fc341b1bfb7ef561e2968ec6e011,79.90,79.90,1,1
9fbd5666d8618fa571c4230fafa09bd6,79.90,79.90,1,1
b5b800c4065bebf4d3442311c9857344,79.90,79.90,1,1
5a32c398a06c345440bf2a683b017ad3,79.80,39.90,2,2
a7b7354cc588f7566a848bcbb1ce3d96,79.80,39.90,2,2
aa17b35ce4de7b565be3249ba838944f,79.80,39.90,2,2
c2bda99904207edd1834f03e0022b007,79.80,39.90,2,2
519a7aa428f18d125a283cf8c014fdd6,79.70,26.57,3,3
918f6fbcf3ab724d805867303e593a1b,79.70,39.85,2,3
c8665a4dd081a2c436b1cd921079d0d9,79.39,79.39,1,1
babcc0ab201e4c60188427cae51a5b8b,79.00,79.00,1,1
166e8f1381e09651983c38b1f6f91c11,78.80,39.40,2,2
15b3b1b81484422eb41df68ac87f1f50,78.35,39.18,2,2
739c7d7be81f63812dea0d1b1451c651,77.50,38.75,2,2
5de1c80811ce7007f62f00d971236c09,76.80,38.40,2,2
3e51f9cbe317bc3a88f2c76583811ee4,76.09,76.09,1,1
497709c2976a8fa308730a2dec5b0726,76.00,76.00,1,2
43a5d4a57af536fddc96d08be3afdfcb,75.00,75.00,1,1
6dd7dce75cd55c1ce255dc38d9f0cd46,75.00,75.00,1,1
a1bea9970d8f65b240555f99c2214f7f,75.00,75.00,1,1
c85d7b477a709c85a1e8b8f25aa1b270,75.00,75.00,1,2
d52cbce9845184537284a23c3bc3da0e,75.00,37.50,2,4
05aebce0b5c8f0d41b29b686f2d05fd3,74.99,37.50,2,2
61b893c57e33626afb104d4112b1be76,74.99,74.99,1,1
217f005bb37ff3aeef5b2ae1788e75ba,74.97,24.99,3,3
9c3a1c416c765687bc79a04113269929,74.90,74.90,1,1
6187a137b2af59dfdbad8d9f8c373c14,74.80,37.40,2,2
a90a5da8b09e44264a177c0374a5ac87,74.70,24.90,3,3
d8d9567d0bfb0bc7eb845a205ba42657,74.60,18.65,4,4
164a5a8794e6d42e14f55e447b12a3bc,73.99,73.99,1,1
a7d0f8dd44f57ef6de7f7f02e3d82630,73.79,36.90,2,2
204b4e07bddef3c9b317f70189135b22,73.40,73.40,1,1
d4d99b60c4c94cd35acd502cec65dc8d,72.90,72.90,1,1
e5c84227854980f1db19a58958c551d9,72.81,18.20,4,4
f0ec6a2adb05c62655a26dd347b8dede,72.00,72.00,1,2
8f0fbe2cd4d472157dc1cdef6edecaa9,71.88,35.94,2,2
028872bfa080090a9d0abd4f1af168f8,70.50,70.50,1,3
4003520d80d0bad1d5623f7aa3c63cda,70.00,70.00,1,1
bbf4a892cac7b82422baa711dffb8997,70.00,70.00,1,1
e4f121bf6ef8b9a1d4d3e65dd0473fab,70.00,35.00,2,2
f90f77ef2799a27f80d90c425ca944f7,70.00,70.00,1,1
0a198e95d32b1be2da9424c962a6ebfa,69.99,69.99,1,1
4e92348462c75b6c842b994ce84a0ed4,69.90,69.90,1,1
b5d034ac251546e25afe9067f05c1539,69.90,69.90,1,1
b6c6854d4d92a5f6f46be8869da3fa1a,69.90,69.90,1,1
d598f929fc44e1e38678e7f47250ec04,69.90,69.90,1,1
d9b00a97818674c7f8d8b1ef0e689679,69.90,69.90,1,1
f3511c85f59f8dec53d140501ee8e7a8,69.90,69.90,1,1
fe9d9cf8631285d5982c6e2cf27fb114,69.90,69.90,1,1
ffcfefa19b08742c5d315f2791395ee5,69.90,69.90,1,1
17998cf586426bf0f2c3726cb0a4b211,69.80,34.90,2,2
5587130f9850696ed7fafbc91c2cee44,69.80,34.90,2,2
bbd3acfe6de99892e73940d3fdceaf68,69.00,34.50,2,2
edb65fe661681b1c0de8bd47c8655855,69.00,69.00,1,1
e4253cef933647000a82ff39c67b7bde,68.00,34.00,2,2
f3055483058c84d75ca2a3314fb4deef,67.50,67.50,1,1
723a46b89fd5c3ed78ccdf039e33ac63,66.64,66.64,1,1
a5ff20ff766e7f50bd5066f33da14413,66.59,33.30,2,4
c6381b1321d7d97717a5bb4ed5b77882,66.00,33.00,2,3
d58d521f3789def2e7a22715e0badd93,65.98,32.99,2,2
76623fde66e6b63b59440fd34160512d,65.40,21.80,3,3
d4a5e99e0dd915df64ba55a7fbd583fd,65.15,32.58,2,6
52831e5990d0771cb4951d6f12928167,65.00,65.00,1,1
ad738d3fcf42655ed15c4960b7b6c601,65.00,65.00,1,1
447d377bdb757058acb569025ee18a93,64.99,64.99,1,1
c8771b1a10bb99bb34d3c459c5cffb53,64.90,64.90,1,1
cf281cf8b7affbdfe751b29cc85580e1,64.90,64.90,1,1
eb4a59a06b3948e851a7d7a830bcbc42,64.00,32.00,2,2
b452cb0ae35044c4a53179c39f49fb06,63.70,31.85,2,2
9e94fa26a70ede4d26226e918e8706a2,62.80,62.80,1,1
42fb44130ac3134cde8e35cf8ec7df25,62.70,20.90,3,3
f0ec78809fe0bc3edb11c9fe5b97b059,62.60,31.30,2,2
2cb98e27ce1c18abdb42209b34c382a7,62.49,62.49,1,1
56a8b450e802502ba53a9885ee38e29f,62.45,62.45,1,1
6a3139c7bf09ece22a4713d956acbe5e,61.90,61.90,1,1
f7c31656c19db6275a8acadca289f426,61.56,61.56,1,1
b3e2faf2c1004d674f16a3aa3197f0e1,61.47,20.49,3,3
1d0646a72178a6fb37ee8082140e06ec,61.00,30.50,2,2
7963e546f34e098b578f9ad102494601,60.99,60.99,1,1
be7a093e5b4d147b36b72bb1f9e415e5,60.90,60.90,1,1
83f2b4881141ce3fcd4e985125d3279e,60.70,20.23,3,3
9ac75591b69c3402684b6ce0310f22ee,60.50,60.50,1,1
e9e446d01bd10a97a8ffcfc4a3a20cb2,60.05,15.01,4,4
24a6daf925d9d591870a66660416de31,60.00,30.00,2,2
7c462184585ae80bd6e5774c62ce50f2,60.00,60.00,1,2
85e7c62c1d6ea078c3897424f867a7c8,60.00,30.00,2,2
86649b1632b1c0e6c0bcb2c90a8b75d8,59.99,59.99,1,1
0ee4fb99ac55ffbbc98795aa01b7f8fa,59.90,59.90,1,1
3e46a38ee171c503c3b4a3f23fe3bf0c,59.90,59.90,1,1
6ebf4eceee4dd9847201c82e77ef8123,59.90,59.90,1,1
75fdd0a732287f9497b179f6bd445d32,59.90,59.90,1,1
8fb67a334bacec338885b4e9e1708073,59.90,59.90,1,1
9ef932e837d8b7f392c0bfee9d359dc2,59.90,59.90,1,1
c240c4061717ac1806ae6ee72be3533b,59.90,59.90,1,1
455f46ef09a9e45667e2981df84b5cc2,59.80,29.90,2,2
528ce32f560edd11add4169f6a5b65be,59.80,29.90,2,2
3da38366e7bd9baf6369071f782ecdf0,59.47,59.47,1,1
63704069d9bd3a75c1cf59babe56004a,59.30,59.30,1,1
db1f0f7c7e5e87f40b62226f020bb297,59.01,19.67,3,3
dd5450b022b2d00a2145a66331e1aef6,59.00,59.00,1,1
0af2ab31141893d26aca5a404a537dab,59.00,59.00,1,1
1d953075c2f0dd990bacf27b83b330f1,59.00,59.00,1,1
2f1e7b90e01d9f086cbcb301c0c3d406,59.00,59.00,1,1
fa18c782a4866d313cadab567097f8f1,58.99,58.99,1,1
d180e07dc1e58c31c3f0cd599dc4d945,58.80,58.80,1,1
cecd97bc34ed8330bd4cd15713eda670,57.99,57.99,1,1
cac4e0bc1a3269fa2b6ea5e763f6115b,57.88,28.94,2,3
48e5ee06fb2dc74df1c711a9b6dfac2a,57.00,57.00,1,3
ac9b01377919cdbd2a1bbb8d5837c70b,55.90,55.90,1,1
3e35a8bb43569389d3cebef0ce820f69,55.80,55.80,1,2
0b1ca3ef18a63d7eb0c8897fa0849c08,55.00,55.00,1,1
d85efbc8eff2b7adf524e2820569adc8,55.00,55.00,1,1
ebe3dabc4955c9b0d695e7bda38bf5c3,55.00,55.00,1,1
02a2272692e13558373c66db98f05e2e,54.98,27.49,2,2
c7246702dc991a06d788120dc7544391,54.86,54.86,1,1
c13fb473e7cb8b83ccd543c094df0608,54.80,27.40,2,2
26f6b7ab07be3e9e69ce82a6552efc19,54.80,27.40,2,2
d297f1055de2956aedfd3b04113dce3e,54.30,54.30,1,1
720e6cf846ea7572cbb66b743fb91e6c,54.00,54.00,1,1
c1552b1dab6e6f760950368ae61fb600,53.80,26.90,2,2
c161d1327ebc3a156c09582ab2f59f6c,52.99,17.66,3,3
a2a41aedb70551d4a85aa04dc2fced48,52.79,26.40,2,2
392f7f2c797e4dc077e4311bde2ab8ce,52.00,26.00,2,2
84c945f15571830c1a91a33978e94009,51.98,25.99,2,2
20d53aad4fe5ee93a64f8839609d3586,51.90,25.95,2,2
258447aad3f7b01e2643c89f64dc5647,51.90,51.90,1,1
07e8e8fc5222bb358e6f259da3197074,51.80,25.90,2,2
eaf6d55068dea77334e8477d3878d89e,51.00,17.00,3,3
deaadd805612bf94faaa9fa702516e11,50.00,50.00,1,1
4d8809767a5bafe22909c77951fb6b41,50.00,50.00,1,1
535bf14f36346c7f59d87cece104d70c,50.00,50.00,1,1
5cf1ec37aea089f45110c70653a166ab,50.00,16.67,3,3
d4f91e8be86b38da2ee35bc489645a9d,49.99,49.99,1,1
e1a210d482714ce337763a19aef94ba4,49.90,49.90,1,1
fe19dce63ae80346207c6c55713d1023,49.90,49.90,1,1
2c2c9832d1bb38c5b0034a3b47d313ee,49.90,49.90,1,1
3ded4e2d5f135cb103e5949d7263d2dd,49.90,49.90,1,1
7b3447b497e55af8c15fc7bd89d7b81a,49.90,49.90,1,1
9140ef75cc8211c4035935e80e567204,49.90,49.90,1,1
7315baebc0572ff220d226283dc66728,49.85,24.93,2,2
2c00c85d30361cd2ced2969cffbbffa3,49.80,49.80,1,1
1b61fb1f0f2185d89e9a126c498e9cc7,49.70,49.70,1,1
d1a1b40ec554c593a1a99366746289dd,49.70,49.70,1,1
42d4b7e70819438f5ada61c965e92d7e,49.60,49.60,1,3
ac137bac82ffa8548e62bd9d01d2a14f,49.60,49.60,1,1
e0487761face83d64fcada2408959a36,49.25,24.63,2,2
c963a25b8671419c6ce9eebe8fd03218,49.00,49.00,1,1
ce33c6211beaa8fef4cae8b52db39862,49.00,49.00,1,1
d63f306de130e0391d38a792541723b8,49.00,49.00,1,1
1f7dfad2cb384ea4d2d7e1ffbd78c407,49.00,49.00,1,1
2ef086a599b597572aca4433b7ed6b3d,49.00,49.00,1,1
29c322e3f09f886f8bacbe91dfbd979e,48.98,48.98,1,2
417a1e6c7321084d2a0ae0d023cfad93,48.90,48.90,1,1
5aaa890629f83706d8d9bfecd8377c1c,48.90,48.90,1,1
2e2f44824ab87a0cb961f68bf4073e7f,48.00,48.00,1,1
513a54369b6a8a6602fcb0e129c6d78d,47.80,23.90,2,2
a3fa18b3f688ec0fca3eb8bfcbd2d5b3,47.80,47.80,1,2
9d213f303afae4983637247556438ede,47.70,23.85,2,3
ae9690c6e8fee182c28c9ff8e11ca52c,47.40,47.40,1,1
cad10cc982ab6a391570c211b995c17c,47.40,47.40,1,1
baf15155e37ef5492731459bdc05be8a,47.00,47.00,1,1
7494d0dcba8551df6cf37f1b905dc2f7,45.90,45.90,1,1
51e0557bc7b86de13e946c60ee91ce39,45.80,45.80,1,1
8629a7efec1aab257e58cda559f03ba7,45.22,45.22,1,1
2d8cfba3fcd3170555941605edaa196a,45.00,45.00,1,1
3338e7a0710a195872be80e0d2423867,45.00,45.00,1,1
70ee69419916dc13e3aed619061f996c,45.00,45.00,1,1
9c351405b754cc5ce3e2ecf277bb034a,45.00,45.00,1,1
1f2eebc0e970fd3c463e4f5d9652687a,44.99,44.99,1,1
5a4236931428800e9d9cc04af0987118,44.97,44.97,1,3
5415337f1863452476d42d9f14a16a61,44.90,44.90,1,1
da3fede3469bf49b7293ce3fc45b294d,44.90,44.90,1,1
e5545d4d4473876ea78c5bcebca365c3,44.50,44.50,1,1
cad9969167c09b48ae6f1d123f7fa68d,43.20,21.60,2,2
ed49da7cadefc454d6a67de249eab240,43.00,21.50,2,2
05a48cc8859962767935ab9087417fbb,42.90,42.90,1,1
4125d9385a25e82d2f72d3a0fd55bc3f,42.90,42.90,1,1
3a3c180dd702a725bd0ba4117689239e,41.90,41.90,1,1
6561d6bf844e464b4019442692b40e02,41.90,41.90,1,1
749e7cdabbaf72f16677859e27874ba5,41.90,41.90,1,1
a1ed30492b3b798bc121845bc4aa7366,41.80,41.80,1,2
b77a27b1864483e721dc831d5ba4afa0,41.80,20.90,2,2
16bdc8cefd0e32a6f0824d296c5ad14a,41.76,41.76,1,1
a213f1bd6458f4a158f3746cb2514559,41.52,41.52,1,1
9b1f656ca3060f8af17a50d8a024b533,41.00,20.50,2,2
c200c73f9d7e5a08ca439d6a0803da7c,40.00,40.00,1,2
d4828feed4cda2cd9d6b37899a95a71e,39.90,39.90,1,1
df683dfda87bf71ac3fc63063fba369d,39.90,39.90,1,1
edb58a1390adf273840030a3d6253829,39.90,39.90,1,1
fedaedd3ca31d56ab33e92035e4b361c,39.90,39.90,1,1
7caa63f175b1cecbfaadd8b5ab9998c7,39.80,19.90,2,2
389e45560e33d2d0747f949dcddbc08e,39.00,39.00,1,1
c74f14c1e26cf1bd5bd34b6a1e274426,39.00,39.00,1,1
e595809a6c31ec4314fd06ef198c244d,39.00,39.00,1,1
0936e1837d0c79253456bbb2ffaaef10,38.90,38.90,1,2
2eeb6531ee027a48d401e72bebdd87d3,38.70,12.90,3,3
d7ab82074b5f1dfba46db123df101bff,38.67,19.34,2,3
e72b4feb7abe210c52aa667abc25a3a2,38.20,38.20,1,2
ab75b89cc49c9ab3160d0c91565a442a,37.98,18.99,2,2
9200e6ce317b67196b6b0bad4d4bd567,36.90,36.90,1,1
e116c7455dd26a4d8c3e92532583905f,36.76,36.76,1,2
1d139e3a3b14025640d8df1b230aace0,36.49,18.25,2,2
67e43d802fde8cfd3f9580124f8167d1,36.00,18.00,2,3
3a52d63a8f9daf5a28f3626d7eb9bd28,35.00,35.00,1,1
50c361bcf670d16f6df4d52de3dff924,35.00,35.00,1,1
5206cc4bc2297c833e6061c49bf9c43f,35.00,35.00,1,1
baeda7047354773262ba2405f97038ba,35.00,35.00,1,1
c716e0b86ed568878475b60fbb6323ad,35.00,35.00,1,1
cb162c8eef257253782d245c08d9097c,34.99,34.99,1,1
e6ffc9ac6a7adc9d16a1cfc2286dd546,34.99,34.99,1,1
84deb808079d1be601c209c1e771b1cc,34.93,17.47,2,2
c1d1ebb4745cc43cb6f05e9c8a705c9a,34.50,11.50,3,3
66d5ae34537110d3affc56174dad2b2f,33.81,33.81,1,3
bee36b4f9a2b9fdcaff6ec05df202ed0,33.80,16.90,2,2
41958cbd3335433c8740300e8cd600d5,32.99,32.99,1,1
539ed9e19811677513447759be5eccfc,32.83,16.42,2,2
7d81e74a4755b552267cd5e081563028,32.50,32.50,1,1
6bcb2352a2a0c38b845f598298ab9d26,31.80,15.90,2,2
1a6245add4353f18ed55138808906979,30.00,30.00,1,1
d7f1cfc638473be93baedbfd02208016,30.00,30.00,1,1
fdf736c18c589ed030e058312203e1b2,30.00,30.00,1,1
32f83ffe11cd40f7adcf4eef171f52d9,29.99,29.99,1,1
87b4428a334b8f676fd9a7f3bf544fb5,29.99,29.99,1,1
9315e491484b1b0081ca166fc164108d,29.99,29.99,1,1
139157dd4daa45c25b0807ffff348363,29.90,29.90,1,1
2078fe5066350e7d220c0ad3a3bbc6c1,29.90,29.90,1,1
28a26ebce31d5918b181ede016fd693b,29.90,29.90,1,1
3aa3c89ae3cd482385568be76120f63c,29.90,29.90,1,1
436bf27f2f18474fc6047702e9f8a866,29.90,29.90,1,1
a09a13f18ed27932d08438aa6f12756e,29.90,29.90,1,1
c43d924a0f1688ee9fae0efcd6f539d4,29.90,29.90,1,1
c97aa4ee7420f937da13b7f9e2228b99,29.90,29.90,1,1
c0e0b73d039eb9a99b6ce4cb7a429cd3,29.88,29.88,1,1
0336182e1b3e92f029d5354832045fdf,29.80,29.80,1,2
7b3f6ce5c6c22e9b96e7581ebf0df6e1,29.80,29.80,1,1
9996ae921c50e8dff411ac69c0b4bb8b,29.70,14.85,2,3
72c73be2b085b9d57650dd53eb2004c9,29.40,29.40,1,1
15aec03fe4cf30dfa574cf550f5ff5ff,28.90,28.90,1,1
1992f8fb6b19fcccd97ca819811e7267,28.80,28.80,1,1
c9d2ba8dde44a275ae06475ed1d2fafc,28.79,28.79,1,1
999f6d9a1c7c81f43be44c6b7d076210,28.00,14.00,2,2
9f56a7a649097b166d8ed286ad86a15c,27.98,13.99,2,2
8b181ee5518df84f18f4e1a43fe07923,27.90,27.90,1,1
b026643914f651e8371425e5b8a1e780,27.90,27.90,1,1
bf0d50a6410d487dc97d2baac0a8c0be,27.90,27.90,1,1
80146bc52c4f6af5239b23de2a20262b,27.10,27.10,1,2
f1fdf2d13186575751aa25876536d85c,26.30,26.30,1,1
70c0fda4c313d87115644d39e62eec60,25.99,25.99,1,1
c12d7463a579237ffb9248bd7cff378b,25.90,25.90,1,1
3820c6537b3853be1a0687d5a60807ec,25.00,25.00,1,1
6c9875b2f94ba781186f0c1aed8d1687,25.00,12.50,2,4
7cb946b1ad19faebe28c3e86c2794ec3,25.00,25.00,1,1
38f276ca6e7cc95a6d1bb55ac9e5550f,24.99,24.99,1,1
3986c0b54f6b748b75e7bd4e092aa3e5,24.99,24.99,1,1
1c83418358f249c9d6affa52d579db0e,24.90,24.90,1,1
33fd411ed63a7c2f9005e3f065d9f85d,24.90,24.90,1,1
bd43e172d599bed47a85da877172ca8c,23.92,23.92,1,1
43753b27d77860f1654aa72e251a7878,23.90,23.90,1,1
544863df86ed3b78a04e0820d41430ee,23.90,23.90,1,1
bcd2d7510d58e293f20fad6438c1b314,23.90,23.90,1,1
2c54051840f19eca309a5423cf22df36,23.70,11.85,2,2
58b98ccb79873e04eac4357cacc590d9,23.00,23.00,1,1
5e063e85d44b0f5c3e6ec3131103a57e,22.90,22.90,1,1
bc8c8d665ec4664d286be0d521722b19,22.50,22.50,1,1
f9f68daa2af419d38f745478bcb3da1a,22.40,11.20,2,2
eb1bf309f4f6af9a97e9ddac3fdbeabe,22.30,22.30,1,1
0bb27263628258b8111a0262769fa9db,22.20,22.20,1,1
34675b28b826facfde119785bf287dc1,21.99,21.99,1,1
f09b760d23495ac9a7e00d29b769007c,21.90,21.90,1,1
98f52e1020fe788c10c0418de4393fec,21.60,21.60,1,1
afac9f6b0c4e5f0a7ee87e922cd0f873,20.99,20.99,1,1
e64ddbe1cbcf4f2fc3092b7c481f3f9d,20.90,20.90,1,1
e0b162a693bc7f9eab00f783a31d60ea,20.00,20.00,1,1
e76ecc7e9a1a1e3c6df9d2a8261c423d,20.00,20.00,1,1
455befea1bb853c75ccbca94cff26e5c,19.99,19.99,1,1
bb7ad8a45c027be8ab075b8e465f8ca0,19.98,9.99,2,2
0b46f784306be7200ca1700aa55d819f,19.90,19.90,1,1
63bc58679c44e8a998792119fd7ad23e,19.90,19.90,1,1
668bf321538e5072858eaef6087ce027,19.90,19.90,1,1
698624c6632eeba1774924dbea24c700,19.90,19.90,1,1
bac44fa8e13424950488659b5f765c41,19.90,19.90,1,1
d93b8458c6fe139d85cfa5eadbf55bd2,19.90,19.90,1,1
e174dc2de86d60fee178170a154c05e7,19.80,19.80,1,1
bd65d163ded559eb90a10cd09fec178f,19.80,19.80,1,2
8501d82f68d23148b6d78bb7c4a42037,19.70,19.70,1,1
9d69ba0a7a626a64dc5db08e529559cf,19.30,19.30,1,1
6c77cd583b36a13aacccf2b3ee23e233,18.90,18.90,1,1
82921991ff5b557b045605b8bbf08d49,18.90,18.90,1,1
ce4755084bc097113867e6454f8f5e52,18.90,18.90,1,1
804287717b9156fb7a787acd9af4fac1,18.80,18.80,1,1
13e85aac53340018b40c2af68001b7e0,17.80,17.80,1,1
eae9af4811c294c56795d70e715b7337,15.90,15.90,1,1
f3862c2188522d89860c38a3ea8b550d,15.50,15.50,1,1
c3e2398fcc7e581cda2e546557bf6968,14.90,14.90,1,1
20f0aeea30bc3b8c4420be8ced4226c0,14.90,14.90,1,1
b2f4d63c7203f539a78252565ca32257,14.90,14.90,1,1
a61cc04793308395a840807104365121,14.63,14.63,1,1
6576fd3e23c88f0e5d4d23f39bba0542,14.50,14.50,1,1
5b92bfa4120daa27c574daa2e386c693,14.00,14.00,1,1
fb503a924a0b9db19d83dd0ac6dbef8c,13.90,13.90,1,1
6614814a00d344b846ae209f95ee7e3f,13.00,13.00,1,1
b5f0712d22a873b6797ab6cc65c3fcba,12.99,12.99,1,1
7ab0dd5487bab2dc835337b244f689fb,12.50,12.50,1,1
9e25199f6ef7e7c347120ff175652c3b,12.50,12.50,1,1
c1dde11f12d05c478f5de2d7319ad3b2,12.50,12.50,1,1
3d62f86afa7c73be2628a3be1423f5a0,12.00,6.00,2,2
3ac588cd562971392504a9e17130c40b,11.90,11.90,1,1
cc1f04647be106ba74e62b21f358af25,11.90,11.90,1,1
344223b2a90784f64136a8a5da012e7f,10.90,10.90,1,1
95cca791657aabeff15a07eb152d7841,9.99,9.99,1,1
c18309219e789960add0b2255ca4b091,9.90,9.90,1,1
0f94588695d71662beec8d883ffacf09,9.00,9.00,1,1
4965a7002cca77301c82d3f91b82e1a9,8.49,8.49,1,1
ad14615bdd492b01b0d97922e87cb87f,8.25,8.25,1,1
34aefe746cd81b7f3b23253ea28bef39,8.00,8.00,1,1
702835e4b785b67a084280efca355756,7.60,7.60,1,1
1fa2d3def6adfa70e58c276bb64fe5bb,6.90,6.90,1,1
77128dec4bec4878c37ab7d6169d6f26,6.50,6.50,1,1
cf6f6bc4df3999b9c6440f124fb2f687,3.50,3.50,1,1
